[{"id":"user-image-45c43cfc-b7f4-7296-9d65-3221c4f93081.jpg","publicUrl":"np://user.desktop.nicepage.com/Site_412800269/images/45c43cfc-b7f4-7296-9d65-3221c4f93081.jpg","size":119891,"fileName":"45c43cfc-b7f4-7296-9d65-3221c4f93081.jpg","name":"45c43cfc-b7f4-7296-9d65-3221c4f93081","width":1175,"height":887,"thumbnail":{"url":"np://user.desktop.nicepage.com/Site_412800269/images/thumbnails/45c43cfc-b7f4-7296-9d65-3221c4f93081.jpg","width":250,"height":189},"originalUrl":"//images01.nicepage.com/c461c07a441a5d220e8feb1a/5b9763d433d5596cab464094/45c43cfc-b7f4-7296-9d65-3221c4f93081.jpg"},{"id":"user-image-590cc0e0-2c6f-0b8d-20e7-c4806941f332.jpg","publicUrl":"np://user.desktop.nicepage.com/Site_412800269/images/590cc0e0-2c6f-0b8d-20e7-c4806941f332.jpg","size":337106,"fileName":"590cc0e0-2c6f-0b8d-20e7-c4806941f332.jpg","name":"590cc0e0-2c6f-0b8d-20e7-c4806941f332","width":800,"height":711,"thumbnail":{"url":"np://user.desktop.nicepage.com/Site_412800269/images/thumbnails/590cc0e0-2c6f-0b8d-20e7-c4806941f332.jpg","width":250,"height":222},"originalUrl":"//images01.nicepage.com/c461c07a441a5d220e8feb1a/abeebace3dbb56c990f59149/590cc0e0-2c6f-0b8d-20e7-c4806941f332.jpg"},{"id":"user-image-jjj.jpg","publicUrl":"np://user.desktop.nicepage.com/Site_412800269/images/jjj.jpg","size":192510,"fileName":"jjj.jpg","name":"jjj","width":1200,"height":800,"thumbnail":{"url":"np://user.desktop.nicepage.com/Site_412800269/images/thumbnails/jjj.jpg","width":250,"height":167},"originalUrl":"//images01.nicepage.com/c461c07a441a5d220e8feb1a/a3512ff2d07d54d3834c9411/jjj.jpg"},{"id":"user-image-97ec1149-1f12-e4f5-b5f4-6460c32fd830.jpg","publicUrl":"np://user.desktop.nicepage.com/Site_412800269/images/97ec1149-1f12-e4f5-b5f4-6460c32fd830.jpg","size":85145,"fileName":"97ec1149-1f12-e4f5-b5f4-6460c32fd830.jpg","name":"97ec1149-1f12-e4f5-b5f4-6460c32fd830","width":1380,"height":920,"thumbnail":{"url":"np://user.desktop.nicepage.com/Site_412800269/images/thumbnails/97ec1149-1f12-e4f5-b5f4-6460c32fd830.jpg","width":250,"height":167},"originalUrl":"//images01.nicepage.com/c461c07a441a5d220e8feb1a/c2cb97c85f995bd09bd760c1/97ec1149-1f12-e4f5-b5f4-6460c32fd830.jpg"},{"id":"user-image-b61d3be4-4d0d-cc42-06b0-54e455e333da.png","publicUrl":"np://user.desktop.nicepage.com/Site_412800269/images/b61d3be4-4d0d-cc42-06b0-54e455e333da.png","size":63483,"fileName":"b61d3be4-4d0d-cc42-06b0-54e455e333da.png","name":"b61d3be4-4d0d-cc42-06b0-54e455e333da","width":1923,"height":1200,"thumbnail":{"url":"np://user.desktop.nicepage.com/Site_412800269/images/thumbnails/b61d3be4-4d0d-cc42-06b0-54e455e333da.png","width":250,"height":156},"originalUrl":"//images01.nicepage.com/c461c07a441a5d220e8feb1a/4f8762d7ac0350f4a35751db/b61d3be4-4d0d-cc42-06b0-54e455e333da.png"},{"id":"user-image-3dd11a8f-dac7-6d0a-bd1f-7186c46ad4a6.png","publicUrl":"np://user.desktop.nicepage.com/Site_412800269/images/3dd11a8f-dac7-6d0a-bd1f-7186c46ad4a6.png","size":16001,"fileName":"3dd11a8f-dac7-6d0a-bd1f-7186c46ad4a6.png","name":"3dd11a8f-dac7-6d0a-bd1f-7186c46ad4a6","width":1923,"height":1600,"thumbnail":{"url":"np://user.desktop.nicepage.com/Site_412800269/images/thumbnails/3dd11a8f-dac7-6d0a-bd1f-7186c46ad4a6.png","width":250,"height":208},"originalUrl":"//images01.nicepage.com/c461c07a441a5d220e8feb1a/ccc7e6a0d8fd518f9bfaff7a/3dd11a8f-dac7-6d0a-bd1f-7186c46ad4a6.png"},{"id":"user-image-phone-2-min.png","publicUrl":"np://user.desktop.nicepage.com/Site_412800269/images/phone-2-min.png","size":63464,"fileName":"phone-2-min.png","name":"phone-2-min","width":406,"height":718,"thumbnail":{"url":"np://user.desktop.nicepage.com/Site_412800269/images/thumbnails/phone-2-min.png","width":141,"height":250},"originalUrl":"//images01.nicepage.com/c461c07a441a5d220e8feb1a/d0dcf45463e35f0798cb1cc9/phone-2-min.png"},{"id":"user-image-w.jpg","publicUrl":"np://user.desktop.nicepage.com/Site_412800269/images/w.jpg","size":13464,"fileName":"w.jpg","name":"w","width":206,"height":206,"thumbnail":{"url":"np://user.desktop.nicepage.com/Site_412800269/images/thumbnails/w.jpg","height":206,"width":206,"length":13464,"type":"jpg"},"originalUrl":"//images01.nicepage.com/c461c07a441a5d220e8feb1a/a5a678d8dfcf5f8dabb3c9bf/w.jpg"},{"id":"user-image-4f484cee-fd9a-eabe-a8cd-243e8407ab41.png","publicUrl":"np://user.desktop.nicepage.com/Site_412800269/images/4f484cee-fd9a-eabe-a8cd-243e8407ab41.png","size":16231,"fileName":"4f484cee-fd9a-eabe-a8cd-243e8407ab41.png","name":"4f484cee-fd9a-eabe-a8cd-243e8407ab41","width":1923,"height":1702,"thumbnail":{"url":"np://user.desktop.nicepage.com/Site_412800269/images/thumbnails/4f484cee-fd9a-eabe-a8cd-243e8407ab41.png","width":250,"height":221},"originalUrl":"//images01.nicepage.com/c461c07a441a5d220e8feb1a/c78e4b00f8015fa59f9ee68a/4f484cee-fd9a-eabe-a8cd-243e8407ab41.png"},{"id":"user-image-ds.jpg","publicUrl":"np://user.desktop.nicepage.com/Site_412800269/images/ds.jpg","size":13507,"fileName":"ds.jpg","name":"ds","width":206,"height":206,"thumbnail":{"url":"np://user.desktop.nicepage.com/Site_412800269/images/thumbnails/ds.jpg","height":206,"width":206,"length":13507,"type":"jpg"},"originalUrl":"//images01.nicepage.com/c461c07a441a5d220e8feb1a/c09014f9e7715438bb869fbb/ds.jpg"},{"id":"user-image-hgghgh.jpg","publicUrl":"np://user.desktop.nicepage.com/Site_412800269/images/hgghgh.jpg","size":13439,"fileName":"hgghgh.jpg","name":"hgghgh","width":206,"height":206,"thumbnail":{"url":"np://user.desktop.nicepage.com/Site_412800269/images/thumbnails/hgghgh.jpg","height":206,"width":206,"length":13439,"type":"jpg"},"originalUrl":"//images01.nicepage.com/c461c07a441a5d220e8feb1a/980d881d762859b98207594a/hgghgh.jpg"},{"id":"user-image-gggg.jpg","publicUrl":"np://user.desktop.nicepage.com/Site_412800269/images/gggg.jpg","size":41136,"fileName":"gggg.jpg","name":"gggg","width":626,"height":417,"thumbnail":{"url":"np://user.desktop.nicepage.com/Site_412800269/images/thumbnails/gggg.jpg","width":250,"height":167},"originalUrl":"//images01.nicepage.com/c461c07a441a5d220e8feb1a/fdeea1f156df50479da23133/gggg.jpg?version="},{"id":"user-image-6e064d3b-7269-5979-38bc-4704ed12a71b.png","publicUrl":"np://user.desktop.nicepage.com/Site_412800269/images/6e064d3b-7269-5979-38bc-4704ed12a71b.png","size":12872,"fileName":"6e064d3b-7269-5979-38bc-4704ed12a71b.png","name":"6e064d3b-7269-5979-38bc-4704ed12a71b","width":1923,"height":1200,"thumbnail":{"url":"np://user.desktop.nicepage.com/Site_412800269/images/thumbnails/6e064d3b-7269-5979-38bc-4704ed12a71b.png","width":250,"height":156},"originalUrl":"//images01.nicepage.com/c461c07a441a5d220e8feb1a/493ff54428ab5456b9a5ec49/6e064d3b-7269-5979-38bc-4704ed12a71b.png"},{"id":"user-image-4.png","publicUrl":"np://user.desktop.nicepage.com/Site_412800269/images/4.png","size":96524,"fileName":"4.png","name":"4","width":1923,"height":1702,"thumbnail":{"url":"np://user.desktop.nicepage.com/Site_412800269/images/thumbnails/4.png","width":250,"height":221},"originalUrl":"//images01.nicepage.com/c461c07a441a5d220e8feb1a/ae4c5fee74aa58f0a2e19a37/4.png"},{"id":"user-image-default-logo.png","publicUrl":"np://user.desktop.nicepage.com/Site_412800269/images/default-logo.png","size":1804,"fileName":"default-logo.png","name":"default-logo","width":80,"height":40,"thumbnail":{"url":"np://user.desktop.nicepage.com/Site_412800269/images/thumbnails/default-logo.png","width":80,"height":40,"length":1804,"type":"png"},"originalUrl":"//capp.nicepage.com/fa51e2c202e89b020d804a4cb5f1097828422826/images/default-logo.png"}]