{"id":412800269,"isReadOnly":false,"items":[{"id":88571108,"status":2,"title":"Blog Template","order":1,"templateKey":"blog","customTemplate":false,"customTemplateFilename":null,"pageLinks":[],"dateCreated":"2022-10-31T19:58:02.259Z","dateUpdated":"2022-10-31T19:58:02.259Z","folderId":null,"pageName":"Blog Template"},{"id":52408918,"status":2,"title":"Post Template","order":2,"templateKey":"post","customTemplate":false,"customTemplateFilename":null,"pageLinks":[],"dateCreated":"2022-10-31T19:58:02.661Z","dateUpdated":"2022-10-31T19:58:02.661Z","folderId":null,"pageName":"Post Template"},{"id":303512641,"status":2,"title":"Product List Template","order":3,"templateKey":"products","customTemplate":false,"customTemplateFilename":null,"pageLinks":[],"dateCreated":"2022-10-31T19:58:03.044Z","dateUpdated":"2022-10-31T19:58:03.044Z","folderId":null,"pageName":"Product List Template"},{"id":52004683,"status":2,"title":"Product Details Template","order":4,"templateKey":"product","customTemplate":false,"customTemplateFilename":null,"pageLinks":[],"dateCreated":"2022-10-31T19:58:03.487Z","dateUpdated":"2022-10-31T19:58:03.487Z","folderId":null,"pageName":"Product Details Template"},{"id":1864318751,"status":2,"title":"Shopping Cart Template","order":5,"templateKey":"cart","customTemplate":false,"customTemplateFilename":null,"pageLinks":[],"dateCreated":"2022-10-31T19:58:03.875Z","dateUpdated":"2022-10-31T19:58:03.875Z","folderId":null,"pageName":"Shopping Cart Template"},{"id":81442991,"status":2,"title":"Checkout Template","order":6,"templateKey":"checkout","customTemplate":false,"customTemplateFilename":null,"pageLinks":[],"dateCreated":"2022-10-31T19:58:04.365Z","dateUpdated":"2022-10-31T19:58:04.365Z","folderId":null,"pageName":"Checkout Template"},{"id":66845867,"status":2,"title":"Login Template","order":7,"templateKey":"login","customTemplate":false,"customTemplateFilename":null,"pageLinks":[],"dateCreated":"2022-10-31T19:58:04.708Z","dateUpdated":"2022-10-31T19:58:04.708Z","folderId":null,"pageName":"Login Template"},{"id":2250015849,"status":2,"title":"Page Password Template","order":8,"templateKey":"password","customTemplate":false,"customTemplateFilename":null,"pageLinks":[],"dateCreated":"2022-10-31T19:58:04.969Z","dateUpdated":"2022-10-31T19:58:04.969Z","folderId":null,"pageName":"Page Password Template"},{"id":206794454,"status":2,"title":"404 Not Found Template","order":9,"templateKey":"404","customTemplate":false,"customTemplateFilename":null,"pageLinks":[],"dateCreated":"2022-10-31T19:58:05.161Z","dateUpdated":"2022-10-31T19:58:05.161Z","folderId":null,"pageName":"404 Not Found Template"},{"id":249987275,"status":2,"title":"Strona Główna","order":50,"templateKey":null,"customTemplate":false,"customTemplateFilename":null,"pageLinks":[],"dateCreated":"2022-10-31T19:59:49.641Z","dateUpdated":"2022-10-31T19:59:49.641Z","folderId":null,"pageName":"Strona Główna_249987275"},{"id":75446238,"status":2,"title":"About","order":100,"templateKey":null,"customTemplate":false,"customTemplateFilename":null,"pageLinks":[],"dateCreated":"2022-10-31T19:58:05.328Z","dateUpdated":"2022-10-31T19:58:05.328Z","folderId":null,"pageName":"About_75446238"},{"id":19056414,"status":2,"title":"Contact","order":101,"templateKey":null,"customTemplate":false,"customTemplateFilename":null,"pageLinks":[],"dateCreated":"2022-10-31T19:58:05.408Z","dateUpdated":"2022-10-31T19:58:05.408Z","folderId":null,"pageName":"Contact_19056414"}],"metaTags":null,"order":"65536","headHtml":null,"customCss":null,"headerHtml":"<section class=\"u-clearfix u-header u-block-7a27-1\" custom-posts-hash=\"[]\" data-style=\"header-imglogo-menu\" data-post-id=\"post4\" data-section-properties=\"{&quot;grid-spacing&quot;:&quot;0&quot;,&quot;align&quot;:&quot;left&quot;,&quot;stretch&quot;:true}\" id=\"sec-bf5e\" data-source=\"\" data-id=\"7a27\">\n  <div class=\"u-clearfix u-sheet u-valign-middle u-block-7a27-2\">\n    <a href=\"https://nicepage.com\" class=\"u-image u-logo u-block-7a27-8\" data-brightness=\"\">\n      <img src=\"np://user.desktop.nicepage.com/Site_412800269/images/default-logo.png?rand=3785\" class=\"u-logo-image u-block-7a27-10\">\n    </a>\n    <nav class=\"u-menu u-menu-hamburger u-offcanvas u-block-7a27-11\" data-responsive-from=\"XL\">\n      <div class=\"menu-collapse\" style=\"font-size: 1rem; letter-spacing: 0px; font-weight: 700;\">\n        <a class=\"u-button-style u-custom-border u-custom-border-color u-custom-borders u-custom-left-right-menu-spacing u-custom-padding-bottom u-custom-text-active-color u-custom-text-color u-custom-top-bottom-menu-spacing u-nav-link u-text-active-palette-1-base u-text-hover-palette-2-base\" href=\"#\" data-lang-en=\"{&quot;content&quot;:&quot;<svg class=\\&quot;u-svg-link\\&quot; viewBox=\\&quot;0 0 24 24\\&quot;><use xmlns:xlink=\\&quot;http://www.w3.org/1999/xlink\\&quot; xlink:href=\\&quot;#menu-hamburger\\&quot;></use></svg><svg class=\\&quot;u-svg-content\\&quot; version=\\&quot;1.1\\&quot; id=\\&quot;menu-hamburger\\&quot; viewBox=\\&quot;0 0 16 16\\&quot; x=\\&quot;0px\\&quot; y=\\&quot;0px\\&quot; xmlns:xlink=\\&quot;http://www.w3.org/1999/xlink\\&quot; xmlns=\\&quot;http://www.w3.org/2000/svg\\&quot;>    <g>        <rect y=\\&quot;1\\&quot; width=\\&quot;16\\&quot; height=\\&quot;2\\&quot;></rect>        <rect y=\\&quot;7\\&quot; width=\\&quot;16\\&quot; height=\\&quot;2\\&quot;></rect>        <rect y=\\&quot;13\\&quot; width=\\&quot;16\\&quot; height=\\&quot;2\\&quot;></rect>    </g></svg>&quot;,&quot;href&quot;:&quot;#&quot;}\"><svg class=\"u-svg-link\" viewBox=\"0 0 24 24\"><use xmlns:xlink=\"http://www.w3.org/1999/xlink\" xlink:href=\"#menu-hamburger\"></use></svg><svg class=\"u-svg-content\" version=\"1.1\" id=\"menu-hamburger\" viewBox=\"0 0 16 16\" x=\"0px\" y=\"0px\" xmlns:xlink=\"http://www.w3.org/1999/xlink\" xmlns=\"http://www.w3.org/2000/svg\">    <g>        <rect y=\"1\" width=\"16\" height=\"2\"></rect>        <rect y=\"7\" width=\"16\" height=\"2\"></rect>        <rect y=\"13\" width=\"16\" height=\"2\"></rect>    </g></svg></a>\n      </div>\n      <div class=\"u-nav-container\">\n        <ul class=\"u-nav u-spacing-20 u-unstyled u-block-7a27-18\"><li class=\"u-nav-item\"><a class=\"u-button-style u-nav-link u-text-active-palette-2-base u-text-grey-90 u-text-hover-palette-2-base\" href=\"Strona-Główna.html\" data-page-id=\"249987275\" style=\"padding: 10px;\" data-lang-en=\"{&quot;content&quot;:&quot;Strona Główna&quot;,&quot;href&quot;:&quot;Strona-Główna.html&quot;}\">Strona Główna</a><div class=\"fake u-nav-popup u-block-7a27-19\"><ul class=\"u-h-spacing-20 u-nav u-unstyled u-v-spacing-10 u-block-7a27-20\"><li class=\"u-nav-item\"><a class=\"u-button-style u-nav-link u-white\" href=\"#\" data-lang-en=\"{&quot;content&quot;:&quot;Menu Item1&quot;,&quot;href&quot;:&quot;#&quot;}\">Menu Item1</a></li><li class=\"u-nav-item\"><a class=\"u-button-style u-nav-link u-white\" href=\"#\" data-lang-en=\"{&quot;content&quot;:&quot;Menu Item2&quot;,&quot;href&quot;:&quot;#&quot;}\">Menu Item2</a></li><li class=\"u-nav-item\"><a class=\"u-button-style u-nav-link u-white\" href=\"#\" data-lang-en=\"{&quot;content&quot;:&quot;Menu Item3&quot;,&quot;href&quot;:&quot;#&quot;}\">Menu Item3</a></li></ul></div></li><li class=\"u-nav-item\"><a class=\"u-button-style u-nav-link u-text-active-palette-2-base u-text-grey-90 u-text-hover-palette-2-base\" href=\"About.html\" data-page-id=\"75446238\" style=\"padding: 10px;\" data-lang-en=\"{&quot;content&quot;:&quot;About&quot;,&quot;href&quot;:&quot;About.html&quot;}\">About</a></li><li class=\"u-nav-item\"><a class=\"u-button-style u-nav-link u-text-active-palette-2-base u-text-grey-90 u-text-hover-palette-2-base\" href=\"Contact.html\" data-page-id=\"19056414\" style=\"padding: 10px;\" data-lang-en=\"{&quot;content&quot;:&quot;Contact&quot;,&quot;href&quot;:&quot;Contact.html&quot;}\">Contact</a></li></ul>\n      </div>\n      <div class=\"u-nav-container-collapse\">\n        <div class=\"u-black u-container-style u-inner-container-layout u-opacity u-opacity-95 u-sidenav u-block-7a27-14\">\n          <div class=\"u-inner-container-layout u-sidenav-overflow\">\n            <div class=\"u-menu-close u-block-7a27-15\"></div>\n            <ul class=\"u-align-center u-nav u-popupmenu-items u-unstyled u-block-7a27-16\"><li class=\"u-nav-item\"><a class=\"u-button-style u-nav-link\" href=\"Strona-Główna.html\" data-page-id=\"249987275\" data-lang-en=\"{&quot;content&quot;:&quot;Strona Główna&quot;,&quot;href&quot;:&quot;Strona-Główna.html&quot;}\">Strona Główna</a><div class=\"fake u-nav-popup u-block-7a27-21\"><ul class=\"u-h-spacing-20 u-nav u-unstyled u-v-spacing-10 u-block-7a27-22\"><li class=\"u-nav-item\"><a class=\"u-button-style u-nav-link\" href=\"#\" data-lang-en=\"{&quot;content&quot;:&quot;Menu Item1&quot;,&quot;href&quot;:&quot;#&quot;}\">Menu Item1</a></li><li class=\"u-nav-item\"><a class=\"u-button-style u-nav-link\" href=\"#\" data-lang-en=\"{&quot;content&quot;:&quot;Menu Item2&quot;,&quot;href&quot;:&quot;#&quot;}\">Menu Item2</a></li><li class=\"u-nav-item\"><a class=\"u-button-style u-nav-link\" href=\"#\" data-lang-en=\"{&quot;content&quot;:&quot;Menu Item3&quot;,&quot;href&quot;:&quot;#&quot;}\">Menu Item3</a></li></ul></div></li><li class=\"u-nav-item\"><a class=\"u-button-style u-nav-link\" href=\"About.html\" data-page-id=\"75446238\" data-lang-en=\"{&quot;content&quot;:&quot;About&quot;,&quot;href&quot;:&quot;About.html&quot;}\">About</a></li><li class=\"u-nav-item\"><a class=\"u-button-style u-nav-link\" href=\"Contact.html\" data-page-id=\"19056414\" data-lang-en=\"{&quot;content&quot;:&quot;Contact&quot;,&quot;href&quot;:&quot;Contact.html&quot;}\">Contact</a></li></ul>\n          </div>\n        </div>\n        <div class=\"u-black u-menu-overlay u-opacity u-opacity-70\"></div>\n      </div>\n    </nav>\n  </div>\n  <style data-mode=\"XL\" data-visited=\"true\">@media (min-width: 1200px){ .u-block-7a27-1 {background-image: none}\n.u-block-7a27-2 {min-height: 80px}\n.u-block-7a27-8 {width: 64px; height: 32px; margin-top: 22px; margin-right: auto; margin-bottom: 0px; margin-left: 0px}\n.u-block-7a27-10 {width: 100%; height: 100%}\n.u-block-7a27-11 {margin-top: -32px; margin-right: 0px; margin-bottom: 22px; margin-left: auto}\n.u-block-7a27-18 {font-weight: 700; font-size: 1rem; letter-spacing: normal}\n.u-block-7a27-16 {font-size: 1.25rem} }</style>\n  <style data-mode=\"LG\" data-visited=\"true\">@media (max-width: 1199px) and (min-width: 992px){ .u-block-7a27-1 {background-image: none}\n.u-block-7a27-2 {min-height: 80px}\n.u-block-7a27-8 {margin-top: 22px; margin-right: auto; margin-bottom: 0px; margin-left: 0px; width: 64px; height: 32px}\n.u-block-7a27-10 {width: 100%; height: 100%}\n.u-block-7a27-11 {width: auto; margin-top: -32px; margin-right: 0px; margin-bottom: 22px; margin-left: auto}\n.u-block-7a27-18 {font-size: 1rem; letter-spacing: normal; font-weight: 700}\n.u-block-7a27-16 {font-size: 1.25rem} }</style>\n  <style data-mode=\"MD\" data-visited=\"true\">@media (max-width: 991px) and (min-width: 768px){ .u-block-7a27-1 {background-image: none}\n.u-block-7a27-2 {min-height: 80px}\n.u-block-7a27-8 {margin-top: 22px; margin-right: auto; margin-bottom: 0px; margin-left: 0px; width: 64px; height: 32px}\n.u-block-7a27-10 {width: 100%; height: 100%}\n.u-block-7a27-11 {width: auto; margin-top: -32px; margin-right: 0px; margin-bottom: 22px; margin-left: auto}\n.u-block-7a27-18 {font-size: 1rem; letter-spacing: normal; font-weight: 700}\n.u-block-7a27-16 {font-size: 1.25rem} }</style>\n  <style data-mode=\"SM\" data-visited=\"true\">@media (max-width: 767px) and (min-width: 576px){ .u-block-7a27-1 {background-image: none}\n.u-block-7a27-2 {min-height: 80px}\n.u-block-7a27-8 {margin-top: 22px; margin-right: auto; margin-bottom: 0px; margin-left: 0px; width: 64px; height: 32px}\n.u-block-7a27-10 {width: 100%; height: 100%}\n.u-block-7a27-11 {width: auto; margin-top: -32px; margin-right: 0px; margin-bottom: 22px; margin-left: auto}\n.u-block-7a27-18 {font-size: 1rem; letter-spacing: normal; font-weight: 700}\n.u-block-7a27-16 {font-size: 1.25rem} }</style>\n  <style data-mode=\"XS\" data-visited=\"true\">@media (max-width: 575px){ .u-block-7a27-1 {background-image: none}\n.u-block-7a27-2 {min-height: 80px}\n.u-block-7a27-8 {margin-top: 22px; margin-right: auto; margin-bottom: 0px; margin-left: 0px; width: 64px; height: 32px}\n.u-block-7a27-10 {width: 100%; height: 100%}\n.u-block-7a27-11 {width: auto; margin-top: -32px; margin-right: 0px; margin-bottom: 22px; margin-left: auto}\n.u-block-7a27-18 {font-size: 1rem; letter-spacing: normal; font-weight: 700}\n.u-block-7a27-16 {font-size: 1.25rem} }</style>\n</section>","footerHtml":"<section class=\"u-clearfix u-footer u-grey-90 u-block-b31c-1\" custom-posts-hash=\"T\" data-style=\"footer-logo-social-icons-separator-text\" data-post-id=\"2954266192\" data-section-properties=\"{&quot;grid-spacing&quot;:&quot;30&quot;,&quot;spacingAdditional&quot;:&quot;none&quot;,&quot;align&quot;:&quot;&quot;,&quot;stretch&quot;:true}\" id=\"sec-f146\" data-source=\"\" data-id=\"b31c\">\n  <div class=\"u-clearfix u-sheet u-block-b31c-2\">\n    <a href=\"https://nicepage.com\" class=\"u-image u-logo u-block-b31c-3\" data-brightness=\"\" data-image-width=\"80\" data-image-height=\"40\">\n      <img src=\"np://user.desktop.nicepage.com/Site_412800269/images/default-logo.png?rand=6d20\" class=\"u-logo-image u-block-b31c-11\">\n    </a>\n    <div class=\"u-align-left u-social-icons u-spacing-10 u-block-b31c-4\"><a class=\"u-social-url\" title=\"facebook\" target=\"_blank\" href=\"\"><span class=\"u-icon u-social-facebook u-social-icon u-block-b31c-12\"><svg class=\"u-svg-link\" preserveAspectRatio=\"xMidYMin slice\" viewBox=\"0 0 112 112\" style=\"\"><use xmlns:xlink=\"http://www.w3.org/1999/xlink\" xlink:href=\"#svg-5562\"></use></svg><svg xmlns=\"http://www.w3.org/2000/svg\" xmlns:xlink=\"http://www.w3.org/1999/xlink\" version=\"1.1\" xml:space=\"preserve\" class=\"u-svg-content\" viewBox=\"0 0 112 112\" x=\"0\" y=\"0\" id=\"svg-5562\" data-color=\"#3b5998\"><circle fill=\"currentColor\" cx=\"56.1\" cy=\"56.1\" r=\"55\"></circle><path fill=\"#FFFFFF\" d=\"M73.5,31.6h-9.1c-1.4,0-3.6,0.8-3.6,3.9v8.5h12.6L72,58.3H60.8v40.8H43.9V58.3h-8V43.9h8v-9.2\n            c0-6.7,3.1-17,17-17h12.5v13.9H73.5z\"></path></svg></span></a><a class=\"u-social-url\" title=\"twitter\" target=\"_blank\" href=\"\"><span class=\"u-icon u-social-icon u-social-twitter u-block-b31c-13\"><svg class=\"u-svg-link\" preserveAspectRatio=\"xMidYMin slice\" viewBox=\"0 0 112 112\" style=\"\"><use xmlns:xlink=\"http://www.w3.org/1999/xlink\" xlink:href=\"#svg-92a1\"></use></svg><svg xmlns=\"http://www.w3.org/2000/svg\" xmlns:xlink=\"http://www.w3.org/1999/xlink\" version=\"1.1\" xml:space=\"preserve\" class=\"u-svg-content\" viewBox=\"0 0 112 112\" x=\"0\" y=\"0\" id=\"svg-92a1\" data-color=\"#55acee\"><circle fill=\"currentColor\" class=\"st0\" cx=\"56.1\" cy=\"56.1\" r=\"55\"></circle><path fill=\"#FFFFFF\" d=\"M83.8,47.3c0,0.6,0,1.2,0,1.7c0,17.7-13.5,38.2-38.2,38.2C38,87.2,31,85,25,81.2c1,0.1,2.1,0.2,3.2,0.2\n            c6.3,0,12.1-2.1,16.7-5.7c-5.9-0.1-10.8-4-12.5-9.3c0.8,0.2,1.7,0.2,2.5,0.2c1.2,0,2.4-0.2,3.5-0.5c-6.1-1.2-10.8-6.7-10.8-13.1\n            c0-0.1,0-0.1,0-0.2c1.8,1,3.9,1.6,6.1,1.7c-3.6-2.4-6-6.5-6-11.2c0-2.5,0.7-4.8,1.8-6.7c6.6,8.1,16.5,13.5,27.6,14\n            c-0.2-1-0.3-2-0.3-3.1c0-7.4,6-13.4,13.4-13.4c3.9,0,7.3,1.6,9.8,4.2c3.1-0.6,5.9-1.7,8.5-3.3c-1,3.1-3.1,5.8-5.9,7.4\n            c2.7-0.3,5.3-1,7.7-2.1C88.7,43,86.4,45.4,83.8,47.3z\"></path></svg></span></a><a class=\"u-social-url\" title=\"instagram\" target=\"_blank\" href=\"\"><span class=\"u-icon u-social-icon u-social-instagram u-block-b31c-14\"><svg class=\"u-svg-link\" preserveAspectRatio=\"xMidYMin slice\" viewBox=\"0 0 112 112\" style=\"\"><use xmlns:xlink=\"http://www.w3.org/1999/xlink\" xlink:href=\"#svg-8c95\"></use></svg><svg xmlns=\"http://www.w3.org/2000/svg\" xmlns:xlink=\"http://www.w3.org/1999/xlink\" version=\"1.1\" xml:space=\"preserve\" class=\"u-svg-content\" viewBox=\"0 0 112 112\" x=\"0\" y=\"0\" id=\"svg-8c95\" data-color=\"#c536a4\"><circle fill=\"currentColor\" cx=\"56.1\" cy=\"56.1\" r=\"55\"></circle><path fill=\"#FFFFFF\" d=\"M55.9,38.2c-9.9,0-17.9,8-17.9,17.9C38,66,46,74,55.9,74c9.9,0,17.9-8,17.9-17.9C73.8,46.2,65.8,38.2,55.9,38.2\n            z M55.9,66.4c-5.7,0-10.3-4.6-10.3-10.3c-0.1-5.7,4.6-10.3,10.3-10.3c5.7,0,10.3,4.6,10.3,10.3C66.2,61.8,61.6,66.4,55.9,66.4z\"></path><path fill=\"#FFFFFF\" d=\"M74.3,33.5c-2.3,0-4.2,1.9-4.2,4.2s1.9,4.2,4.2,4.2s4.2-1.9,4.2-4.2S76.6,33.5,74.3,33.5z\"></path><path fill=\"#FFFFFF\" d=\"M73.1,21.3H38.6c-9.7,0-17.5,7.9-17.5,17.5v34.5c0,9.7,7.9,17.6,17.5,17.6h34.5c9.7,0,17.5-7.9,17.5-17.5V38.8\n            C90.6,29.1,82.7,21.3,73.1,21.3z M83,73.3c0,5.5-4.5,9.9-9.9,9.9H38.6c-5.5,0-9.9-4.5-9.9-9.9V38.8c0-5.5,4.5-9.9,9.9-9.9h34.5\n            c5.5,0,9.9,4.5,9.9,9.9V73.3z\"></path></svg></span></a><a class=\"u-social-url\" title=\"linkedin\" target=\"_blank\" href=\"\"><span class=\"u-icon u-social-icon u-social-linkedin u-block-b31c-15\"><svg class=\"u-svg-link\" preserveAspectRatio=\"xMidYMin slice\" viewBox=\"0 0 112 112\" style=\"\"><use xmlns:xlink=\"http://www.w3.org/1999/xlink\" xlink:href=\"#svg-379f\"></use></svg><svg xmlns=\"http://www.w3.org/2000/svg\" xmlns:xlink=\"http://www.w3.org/1999/xlink\" version=\"1.1\" xml:space=\"preserve\" class=\"u-svg-content\" viewBox=\"0 0 112 112\" x=\"0\" y=\"0\" id=\"svg-379f\" data-color=\"#007ab9\"><circle fill=\"currentColor\" cx=\"56.1\" cy=\"56.1\" r=\"55\"></circle><path fill=\"#FFFFFF\" d=\"M41.3,83.7H27.9V43.4h13.4V83.7z M34.6,37.9L34.6,37.9c-4.6,0-7.5-3.1-7.5-7c0-4,3-7,7.6-7s7.4,3,7.5,7\n            C42.2,34.8,39.2,37.9,34.6,37.9z M89.6,83.7H76.2V62.2c0-5.4-1.9-9.1-6.8-9.1c-3.7,0-5.9,2.5-6.9,4.9c-0.4,0.9-0.4,2.1-0.4,3.3v22.5\n            H48.7c0,0,0.2-36.5,0-40.3h13.4v5.7c1.8-2.7,5-6.7,12.1-6.7c8.8,0,15.4,5.8,15.4,18.1V83.7z\"></path></svg></span></a></div>\n    <div class=\"u-border-1 u-border-white u-expanded-width u-line u-line-horizontal u-opacity u-opacity-50 u-block-b31c-9\"></div>\n    <p class=\"u-align-center u-text u-block-b31c-10\" data-lang-en=\"Sample text. Click to select the Text Element.\">Sample text. Click to select the Text Element.</p>\n  </div>\n  <style data-mode=\"XL\" data-visited=\"true\">@media (min-width: 1200px){ .u-block-b31c-2 {min-height: 299px}\n.u-block-b31c-3 {width: 80px; height: 40px; margin-top: 60px; margin-left: auto; margin-right: auto; margin-bottom: 0px}\n.u-block-b31c-11 {width: 100%; height: 100%}\n.u-block-b31c-4 {height: 23px; min-height: 16px; width: 122px; min-width: 94px; white-space: nowrap; margin-top: 30px; margin-right: auto; margin-bottom: 0px; margin-left: 509px}\n.u-block-b31c-12 {color: rgb(59, 89, 152) !important}\n.u-block-b31c-13 {color: rgb(85, 172, 238) !important}\n.u-block-b31c-14 {color: rgb(197, 54, 164) !important}\n.u-block-b31c-15 {color: rgb(0, 122, 185) !important}\n.u-block-b31c-9 {transform-origin: left center 0px; width: 1140px; margin-top: 30px; margin-right: auto; margin-bottom: 0px; margin-left: 0px}\n.u-block-b31c-10 {width: 530px; margin-top: 30px; margin-left: auto; margin-right: auto; margin-bottom: 10px} }</style>\n  <style data-mode=\"LG\" data-visited=\"true\">@media (max-width: 1199px) and (min-width: 992px){ .u-block-b31c-2 {min-height: 299px}\n.u-block-b31c-3 {margin-top: 60px; margin-left: auto; margin-right: auto; margin-bottom: 0px; width: 80px; height: 40px}\n.u-block-b31c-11 {width: 100%; height: 100%}\n.u-block-b31c-4 {height: 23px; min-height: 16px; width: 122px; min-width: 94px; white-space: nowrap; margin-top: 30px; margin-right: auto; margin-bottom: 0px; margin-left: 419.7018px}\n.u-block-b31c-12 {color: rgb(59, 89, 152) !important}\n.u-block-b31c-13 {color: rgb(85, 172, 238) !important}\n.u-block-b31c-14 {color: rgb(197, 54, 164) !important}\n.u-block-b31c-15 {color: rgb(0, 122, 185) !important}\n.u-block-b31c-9 {transform-origin: left center 0px; margin-top: 30px; margin-bottom: 0px}\n.u-block-b31c-10 {width: 437.0176px; margin-top: 30px; margin-left: auto; margin-right: auto; margin-bottom: 10px} }</style>\n  <style data-mode=\"MD\" data-visited=\"true\">@media (max-width: 991px) and (min-width: 768px){ .u-block-b31c-2 {min-height: 299px}\n.u-block-b31c-3 {margin-top: 60px; margin-left: auto; margin-right: auto; margin-bottom: 0px; width: 80px; height: 40px}\n.u-block-b31c-11 {width: 100%; height: 100%}\n.u-block-b31c-4 {height: 23px; min-height: 16px; width: 122px; min-width: 94px; white-space: nowrap; margin-top: 30px; margin-left: auto; margin-right: auto; margin-bottom: 0px}\n.u-block-b31c-12 {color: rgb(59, 89, 152) !important}\n.u-block-b31c-13 {color: rgb(85, 172, 238) !important}\n.u-block-b31c-14 {color: rgb(197, 54, 164) !important}\n.u-block-b31c-15 {color: rgb(0, 122, 185) !important}\n.u-block-b31c-9 {transform-origin: left center 0px; margin-top: 30px; margin-bottom: 0px}\n.u-block-b31c-10 {width: 334.737px; margin-top: 30px; margin-left: auto; margin-right: auto; margin-bottom: 10px} }</style>\n  <style data-mode=\"SM\" data-visited=\"true\">@media (max-width: 767px) and (min-width: 576px){ .u-block-b31c-2 {min-height: 299px}\n.u-block-b31c-3 {margin-top: 60px; margin-left: auto; margin-right: auto; margin-bottom: 0px; width: 80px; height: 40px}\n.u-block-b31c-11 {width: 100%; height: 100%}\n.u-block-b31c-4 {height: 23px; min-height: 16px; width: 122px; min-width: 94px; white-space: nowrap; margin-top: 30px; margin-left: auto; margin-right: auto; margin-bottom: 0px}\n.u-block-b31c-12 {color: rgb(59, 89, 152) !important}\n.u-block-b31c-13 {color: rgb(85, 172, 238) !important}\n.u-block-b31c-14 {color: rgb(197, 54, 164) !important}\n.u-block-b31c-15 {color: rgb(0, 122, 185) !important}\n.u-block-b31c-9 {transform-origin: left center 0px; margin-top: 30px; margin-bottom: 0px}\n.u-block-b31c-10 {width: 313.816px; margin-top: 30px; margin-left: auto; margin-right: auto; margin-bottom: 10px} }</style>\n  <style data-mode=\"XS\" data-visited=\"true\">@media (max-width: 575px){ .u-block-b31c-2 {min-height: 299px}\n.u-block-b31c-3 {margin-top: 60px; margin-left: auto; margin-right: auto; margin-bottom: 0px; width: 80px; height: 40px}\n.u-block-b31c-11 {width: 100%; height: 100%}\n.u-block-b31c-4 {height: 23px; min-height: 16px; width: 122px; min-width: 94px; white-space: nowrap; margin-top: 30px; margin-left: auto; margin-right: auto; margin-bottom: 0px}\n.u-block-b31c-12 {color: rgb(59, 89, 152) !important}\n.u-block-b31c-13 {color: rgb(85, 172, 238) !important}\n.u-block-b31c-14 {color: rgb(197, 54, 164) !important}\n.u-block-b31c-15 {color: rgb(0, 122, 185) !important}\n.u-block-b31c-9 {transform-origin: left center 0px; margin-top: 30px; margin-bottom: 0px}\n.u-block-b31c-10 {width: 263.45px; margin-top: 30px; margin-left: auto; margin-right: auto; margin-bottom: 10px} }</style>\n</section>","hideBacklink":null,"homePageId":249987275,"dateUpdated":1667246500047,"settings":"{\"colorScheme\":{\"bodyColors\":[\"#111111\",\"#ffffff\"],\"bgColor\":\"#ffffff\",\"colors\":[\"#34b8d0\",\"#f64442\",\"#ff944d\",\"#5cc694\",\"#b9c1cc\"],\"shadingContrast\":\"body-alt-color\",\"whiteContrast\":\"body-color\",\"bgContrast\":\"body-color\",\"name\":\"u13\",\"customColors\":[]},\"fontScheme\":{\"name\":\"Montserrat-OpenSans\",\"isDefault\":true,\"fonts\":{\"heading\":\"Montserrat, sans-serif\",\"text\":\"Open Sans, sans-serif\",\"accent\":\"Arial, sans-serif\",\"headingTitle\":\"Montserrat\",\"textTitle\":\"Open Sans\"}},\"typography\":{\"name\":\"custom-page-typography-1\",\"title\":{\"font-weight\":\"400\",\"font-size\":4.5,\"line-height\":\"1_1\",\"margin-top\":20,\"margin-bottom\":20,\"SM\":{\"font-size\":3.75},\"XS\":{\"font-size\":3}},\"subtitle\":{\"font-weight\":\"400\",\"font-size\":2.25,\"line-height\":\"1_1\",\"margin-top\":20,\"margin-bottom\":20,\"XS\":{\"font-size\":1.5}},\"h1\":{\"font-size\":4.5,\"line-height\":\"1_1\",\"margin-top\":20,\"margin-bottom\":20,\"XS\":{\"font-size\":1.875},\"font-weight\":\"700\",\"SM\":{\"font-size\":3}},\"h2\":{\"font-size\":3,\"line-height\":\"1_1\",\"margin-top\":20,\"margin-bottom\":20,\"XS\":{\"font-size\":1.875},\"font-weight\":\"700\",\"SM\":{\"font-size\":2.25}},\"h3\":{\"font-weight\":\"400\",\"font-size\":1.875,\"line-height\":\"1_2\",\"margin-top\":20,\"margin-bottom\":20,\"XS\":{\"font-size\":1.5}},\"h4\":{\"font-weight\":\"400\",\"font-size\":1.5,\"line-height\":\"1_2\",\"margin-top\":20,\"margin-bottom\":20},\"h5\":{\"font-size\":1.25,\"line-height\":\"1_2\",\"margin-top\":20,\"margin-bottom\":20,\"font-weight\":300,\"font-style\":\"\",\"text-decoration\":\"\",\"text-transform\":\"uppercase\",\"letter-spacing\":2,\"text-color\":\"\",\"border-color\":\"\",\"border-style\":\"\",\"color\":\"\",\"border\":\"\",\"button-shape\":\"\",\"border-radius\":\"\",\"underline\":\"\",\"gradient\":\"\",\"list-icon-src\":\"\",\"list-icon-spacing\":\"0.3\",\"list-icon-size\":\"0.8\",\"font\":\"\"},\"h6\":{\"font-weight\":\"400\",\"font-size\":1.125,\"line-height\":\"1_2\",\"margin-top\":20,\"margin-bottom\":20},\"largeText\":{\"font-size\":1.25,\"margin-top\":20,\"margin-bottom\":20},\"smallText\":{\"font-size\":0.875,\"margin-top\":20,\"margin-bottom\":20},\"text\":{\"margin-top\":20,\"margin-bottom\":20},\"hyperlink\":{\"text-color\":\"palette-1-base\"},\"link\":{},\"button\":{\"color\":\"palette-1-base\",\"margin-top\":20,\"margin-bottom\":20},\"blockquote\":{\"font-style\":\"italic\",\"indent\":20,\"border\":4,\"border-color\":\"palette-1-base\",\"margin-top\":20,\"margin-bottom\":20},\"metadata\":{\"margin-top\":20,\"margin-bottom\":20},\"list\":{\"margin-top\":20,\"margin-bottom\":20},\"orderedlist\":{\"margin-top\":20,\"margin-bottom\":20},\"postContent\":{\"margin-top\":20,\"margin-bottom\":20},\"theme\":{\"gradient\":\"\",\"image\":\"\",\"sheet-width-xl\":1140,\"sheet-width-lg\":940,\"sheet-width-md\":720,\"sheet-width-sm\":540,\"sheet-width-xs\":340},\"htmlBaseSize\":16},\"backToTop\":\"<span style=\\\"height: 64px; width: 64px; margin-left: 0px; margin-right: auto; margin-top: 0px; background-image: none; right: 20px; bottom: 20px\\\" class=\\\"u-back-to-top u-icon u-icon-circle u-opacity u-opacity-85 u-palette-1-base u-spacing-15\\\" data-href=\\\"#\\\">\\n        <svg class=\\\"u-svg-link\\\" preserveAspectRatio=\\\"xMidYMin slice\\\" viewBox=\\\"0 0 551.13 551.13\\\">\\n            <use xmlns:xlink=\\\"http://www.w3.org/1999/xlink\\\" xlink:href=\\\"#svg-1d98\\\"></use>\\n        </svg>\\n        <svg class=\\\"u-svg-content\\\" enable-background=\\\"new 0 0 551.13 551.13\\\" viewBox=\\\"0 0 551.13 551.13\\\" xmlns=\\\"http://www.w3.org/2000/svg\\\" id=\\\"svg-1d98\\\">\\n            <path d=\\\"m275.565 189.451 223.897 223.897h51.668l-275.565-275.565-275.565 275.565h51.668z\\\"></path>\\n        </svg>\\n    </span>\",\"themeBackLinks\":\"{\\\"data-wp-back-link\\\":\\\"https://nicepage.com/wordpress-themes\\\",\\\"data-wp-back-link-title\\\":\\\"Free WordPress Themes\\\",\\\"data-jm-back-link\\\":\\\"https://nicepage.com/joomla-templates\\\",\\\"data-jm-back-link-title\\\":\\\"Joomla Templates\\\"}\",\"lang\":\"pl\",\"langs\":[{\"id\":\"1\",\"name\":\"pl\",\"title\":\"Polish\"}],\"id\":412800269,\"homePageId\":249987275,\"formServices\":{\"0ffb56245252543c53ef49180e9e8732\":{\"id\":\"0ffb56245252543c53ef49180e9e8732\",\"type\":\"email\",\"token\":\"55b51e5267428fd7497b943b644fbab0\",\"email\":\"krikry1234@gmail.com\",\"isVerified\":true}},\"captchaSiteKey\":\"6LetPRgiAAAAAGX121nVdkYGTN-RfCXh4wAlbDFh\",\"captchaSecretKey\":\"\",\"cookiesSection\":\"<section class=\\\"u-align-center u-block-1ef8-1 u-clearfix u-cookies-consent u-grey-80\\\" custom-posts-hash=\\\"T\\\" style=\\\"background-image: none\\\" data-post-id=\\\"1\\\" data-section-properties=\\\"{&quot;stretch&quot;:true}\\\" data-id=\\\"1ef8\\\" data-posts-content=\\\"[{'images':[],'maps':[],'videos':[],'icons':[],'textWidth':874,'textHeight':152,'id':1,'headingProp':'h3','textProp':'text'}]\\\" data-style=\\\"cookie-1\\\" id=\\\"sec-0bfa\\\" data-source=\\\"\\\">\\n  <div class=\\\"u-block-1ef8-2 u-clearfix u-sheet u-valign-middle\\\" style=\\\"min-height: 212px\\\" data-state=\\\"{&quot;margin-top&quot;:{&quot;shouldApplyDefaultMargins&quot;:{&quot;XL&quot;:false,&quot;LG&quot;:false,&quot;MD&quot;:false,&quot;SM&quot;:false,&quot;XS&quot;:false},&quot;parentVerticalAlign&quot;:{&quot;XL&quot;:&quot;middle&quot;,&quot;LG&quot;:&quot;middle&quot;,&quot;MD&quot;:&quot;middle&quot;,&quot;SM&quot;:&quot;middle&quot;,&quot;XS&quot;:&quot;middle&quot;}},&quot;margin-bottom&quot;:{&quot;shouldApplyDefaultMargins&quot;:{&quot;XL&quot;:false,&quot;LG&quot;:false,&quot;MD&quot;:false,&quot;SM&quot;:false,&quot;XS&quot;:false},&quot;parentVerticalAlign&quot;:{&quot;XL&quot;:&quot;middle&quot;,&quot;LG&quot;:&quot;middle&quot;,&quot;MD&quot;:&quot;middle&quot;,&quot;SM&quot;:&quot;middle&quot;,&quot;XS&quot;:&quot;middle&quot;}}}\\\" data-height-lg=\\\"158\\\" data-height-md=\\\"131\\\" data-height-sm=\\\"106\\\" data-height-xs=\\\"225\\\">\\n    <div class=\\\"u-block-1ef8-7 u-clearfix u-expanded-width u-layout-wrap\\\" style=\\\"margin-top: 30px; margin-bottom: 30px\\\" data-state=\\\"{&quot;margin-top&quot;:{&quot;shouldApplyDefaultMargins&quot;:{&quot;XL&quot;:false,&quot;LG&quot;:false,&quot;MD&quot;:false,&quot;SM&quot;:true,&quot;XS&quot;:true},&quot;parentVerticalAlign&quot;:{&quot;XL&quot;:&quot;middle&quot;,&quot;LG&quot;:&quot;middle&quot;,&quot;MD&quot;:&quot;middle&quot;,&quot;SM&quot;:&quot;middle&quot;,&quot;XS&quot;:&quot;middle&quot;}},&quot;margin-bottom&quot;:{&quot;shouldApplyDefaultMargins&quot;:{&quot;XL&quot;:false,&quot;LG&quot;:false,&quot;MD&quot;:false,&quot;SM&quot;:true,&quot;XS&quot;:true},&quot;parentVerticalAlign&quot;:{&quot;XL&quot;:&quot;middle&quot;,&quot;LG&quot;:&quot;middle&quot;,&quot;MD&quot;:&quot;middle&quot;,&quot;SM&quot;:&quot;middle&quot;,&quot;XS&quot;:&quot;middle&quot;}}}\\\">\\n      <div class=\\\"u-gutter-0 u-layout\\\">\\n        <div class=\\\"u-layout-row\\\">\\n          <div class=\\\"u-block-1ef8-8 u-container-style u-layout-cell u-left-cell u-size-43-md u-size-43-sm u-size-43-xs u-size-46-lg u-size-46-xl\\\" style=\\\"min-height: 152px\\\" data-state=\\\"{&quot;min-height&quot;:{&quot;expandedParent&quot;:{&quot;XL&quot;:true,&quot;LG&quot;:true,&quot;MD&quot;:true,&quot;SM&quot;:true,&quot;XS&quot;:true},&quot;cellMultiplier&quot;:{&quot;XL&quot;:1,&quot;LG&quot;:1,&quot;MD&quot;:0.9347826086956521,&quot;SM&quot;:1.3953488372093024,&quot;XS&quot;:1},&quot;canCollapse&quot;:{&quot;XL&quot;:false,&quot;LG&quot;:false,&quot;MD&quot;:true,&quot;SM&quot;:true,&quot;XS&quot;:true}}}\\\">\\n            <div class=\\\"u-block-1ef8-9 u-container-layout u-valign-middle\\\" style=\\\"padding-top: 30px; padding-bottom: 30px; padding-left: 60px; padding-right: 60px\\\" data-state=\\\"{&quot;min-height&quot;:{&quot;canCollapse&quot;:{&quot;XL&quot;:false,&quot;LG&quot;:false,&quot;MD&quot;:false,&quot;SM&quot;:false,&quot;XS&quot;:false}}}\\\">\\n              <h3 class=\\\"u-block-1ef8-6 u-text u-text-default\\\" style=\\\"margin-top: 0px; margin-right: 20px; margin-bottom: 0px;\\\">Cookies &amp; Privacy</h3>\\n              <p class=\\\"u-block-1ef8-5 u-text u-text-default\\\" style=\\\"margin: 8px 20px 0px 0px;\\\">This website uses cookies to ensure you get the best experience on our website.</p>\\n            </div>\\n          </div>\\n          <div class=\\\"u-align-left u-block-1ef8-10 u-container-style u-layout-cell u-right-cell u-size-14-lg u-size-14-xl u-size-17-md u-size-17-sm u-size-17-xs\\\" style=\\\"min-height: 152px\\\" data-state=\\\"{&quot;min-height&quot;:{&quot;expandedParent&quot;:{&quot;XL&quot;:true,&quot;LG&quot;:true,&quot;MD&quot;:true,&quot;SM&quot;:true,&quot;XS&quot;:true},&quot;cellMultiplier&quot;:{&quot;XL&quot;:1,&quot;LG&quot;:1,&quot;MD&quot;:1.2142857142857142,&quot;SM&quot;:3.5294117647058822,&quot;XS&quot;:1},&quot;canCollapse&quot;:{&quot;XL&quot;:false,&quot;LG&quot;:false,&quot;MD&quot;:true,&quot;SM&quot;:true,&quot;XS&quot;:true}}}\\\">\\n            <div class=\\\"u-block-1ef8-11 u-container-layout u-valign-middle-lg u-valign-middle-md u-valign-middle-xl u-valign-top-sm u-valign-top-xs\\\" style=\\\"padding-top: 30px; padding-bottom: 30px; padding-left: 30px; padding-right: 30px\\\" data-state=\\\"{&quot;min-height&quot;:{&quot;canCollapse&quot;:{&quot;XL&quot;:false,&quot;LG&quot;:false,&quot;MD&quot;:false,&quot;SM&quot;:false,&quot;XS&quot;:false}}}\\\">\\n              <a href=\\\"###\\\" class=\\\"u-block-1ef8-3 u-btn u-button-confirm u-button-style u-palette-1-base\\\" style=\\\"margin-top: 0px; margin-right: auto; margin-bottom: 0px; margin-left: 0px\\\">Confirm</a>\\n            </div>\\n          </div>\\n        </div>\\n      </div>\\n    </div>\\n  </div>\\n  <style data-mode=\\\"XL\\\">@media (max-width: 0px) { .u-block-1ef8-1 {background-image: none}\\n.u-block-1ef8-2 {min-height: 212px}\\n.u-block-1ef8-7 {margin-top: 30px; margin-bottom: 30px}\\n.u-block-1ef8-8 {min-height: 152px}\\n.u-block-1ef8-9 {padding-top: 30px; padding-bottom: 30px; padding-left: 60px; padding-right: 60px}\\n.u-block-1ef8-6 {margin-top: 0px; margin-right: 20px; margin-bottom: 0px}\\n.u-block-1ef8-5 {margin-top: 8px; margin-right: 20px; margin-bottom: 0px; margin-left: 0px}\\n.u-block-1ef8-10 {min-height: 152px}\\n.u-block-1ef8-11 {padding-top: 30px; padding-bottom: 30px; padding-left: 30px; padding-right: 30px}\\n.u-block-1ef8-3 {margin-top: 0px; margin-right: auto; margin-bottom: 0px; margin-left: 0px} }</style>\\n  <style data-mode=\\\"LG\\\">@media (max-width: 0px) { .u-block-1ef8-1 {background-image: none}\\n.u-block-1ef8-2 {min-height: 131px}\\n.u-block-1ef8-7 {margin-top: 30px; margin-bottom: 30px}\\n.u-block-1ef8-8 {min-height: 125px}\\n.u-block-1ef8-9 {padding-top: 30px; padding-bottom: 30px; padding-left: 60px; padding-right: 60px}\\n.u-block-1ef8-6 {margin-top: 0px; margin-right: 0px; margin-bottom: 0px}\\n.u-block-1ef8-5 {margin-top: 8px; margin-right: 0px; margin-bottom: 0px; margin-left: 0px}\\n.u-block-1ef8-10 {min-height: 125px}\\n.u-block-1ef8-11 {padding-top: 30px; padding-bottom: 30px; padding-left: 30px; padding-right: 30px}\\n.u-block-1ef8-3 {margin-top: 0px; margin-right: auto; margin-bottom: 0px; margin-left: 0px} }</style>\\n  <style data-mode=\\\"MD\\\" data-visited=\\\"true\\\">@media (max-width: 0px) { .u-block-1ef8-1 {background-image: none}\\n.u-block-1ef8-2 {min-height: 106px}\\n.u-block-1ef8-7 {margin-top: 30px; margin-bottom: 30px}\\n.u-block-1ef8-8 {min-height: 100px}\\n.u-block-1ef8-9 {padding-top: 30px; padding-bottom: 30px; padding-left: 30px; padding-right: 30px}\\n.u-block-1ef8-6 {margin-top: 0px; margin-right: 0px; margin-bottom: 0px}\\n.u-block-1ef8-5 {margin-top: 8px; margin-right: 0px; margin-bottom: 0px; margin-left: 0px}\\n.u-block-1ef8-10 {min-height: 100px}\\n.u-block-1ef8-11 {padding-top: 30px; padding-bottom: 30px; padding-left: 30px; padding-right: 30px}\\n.u-block-1ef8-3 {margin-top: 0px; margin-right: auto; margin-bottom: 0px; margin-left: 0px} }</style>\\n  <style data-mode=\\\"SM\\\" data-visited=\\\"true\\\">@media (max-width: 0px) { .u-block-1ef8-1 {background-image: none}\\n.u-block-1ef8-2 {min-height: 225px}\\n.u-block-1ef8-7 {margin-top: 30px; margin-bottom: 30px}\\n.u-block-1ef8-8 {min-height: 154px}\\n.u-block-1ef8-9 {padding-top: 30px; padding-left: 10px; padding-right: 10px; padding-bottom: 20px}\\n.u-block-1ef8-6 {margin-top: 0px; margin-right: 0px; margin-bottom: 0px}\\n.u-block-1ef8-5 {margin-top: 8px; margin-right: 0px; margin-bottom: 0px; margin-left: 0px}\\n.u-block-1ef8-10 {min-height: 65px}\\n.u-block-1ef8-11 {padding-top: 10px; padding-bottom: 10px; padding-left: 10px; padding-right: 10px}\\n.u-block-1ef8-3 {margin-top: 0px; margin-right: auto; margin-bottom: 0px; margin-left: 0px} }</style>\\n  <style data-mode=\\\"XS\\\" data-visited=\\\"true\\\">@media (max-width: 0px) { .u-block-1ef8-1 {background-image: none}\\n.u-block-1ef8-2 {min-height: 121px}\\n.u-block-1ef8-7 {margin-top: 30px; margin-bottom: 30px}\\n.u-block-1ef8-8 {min-height: 100px}\\n.u-block-1ef8-9 {padding-top: 30px; padding-bottom: 20px; padding-left: 10px; padding-right: 10px}\\n.u-block-1ef8-6 {margin-top: 0px; margin-right: 0px; margin-bottom: 0px}\\n.u-block-1ef8-5 {margin-top: 8px; margin-right: 0px; margin-bottom: 0px; margin-left: 0px}\\n.u-block-1ef8-10 {min-height: 15px}\\n.u-block-1ef8-11 {padding-top: 10px; padding-bottom: 10px; padding-left: 10px; padding-right: 10px}\\n.u-block-1ef8-3 {margin-top: 0px; margin-right: auto; margin-bottom: 0px; margin-left: 0px} }</style>\\n</section>\"}","title":"Site3","siteStyleCss":"<style id=\"color-scheme\" color-scheme=\"u13\" color-style=\"multicolor-1\">.u-body {\n--none: transparent;\n--none-darker: transparent;\n--none-r: 255;\n--none-g: 255;\n--none-b: 255;\n--none-contrast: body-color;\n--none-contrast-darker: body-color;\n--none-text-color: var(--body-color);\n--transparent: transparent;\n--transparent-darker: transparent;\n--transparent-r: 255;\n--transparent-g: 255;\n--transparent-b: 255;\n--transparent-contrast: body-color;\n--transparent-contrast-darker: body-color;\n--transparent-text-color: var(--body-color);\n--body-color: #111111;\n--body-color-darker: #0f0f0f;\n--body-color-r: 17;\n--body-color-g: 17;\n--body-color-b: 17;\n--body-color-contrast: white;\n--body-color-contrast-darker: white;\n--body-color-text-color: var(--body-alt-color);\n--body-alt-color: #ffffff;\n--body-alt-color-darker: #e6e6e6;\n--body-alt-color-r: 255;\n--body-alt-color-g: 255;\n--body-alt-color-b: 255;\n--body-alt-color-contrast: black;\n--body-alt-color-contrast-darker: black;\n--body-alt-color-text-color: var(--body-color);\n--bg-color: #ffffff;\n--bg-color-darker: #e6e6e6;\n--bg-color-r: 255;\n--bg-color-g: 255;\n--bg-color-b: 255;\n--bg-color-contrast: black;\n--bg-color-contrast-darker: black;\n--bg-color-text-color: var(--body-color);\n--palette-1-base: #34b8d0;\n--palette-1-base-darker: #2ca8be;\n--palette-1-base-r: 52;\n--palette-1-base-g: 184;\n--palette-1-base-b: 208;\n--palette-1-base-contrast: white;\n--palette-1-base-contrast-darker: white;\n--palette-1-base-text-color: var(--body-alt-color);\n--palette-1-dark-3: #293133;\n--palette-1-dark-3-darker: #252c2e;\n--palette-1-dark-3-r: 41;\n--palette-1-dark-3-g: 49;\n--palette-1-dark-3-b: 51;\n--palette-1-dark-3-contrast: white;\n--palette-1-dark-3-contrast-darker: white;\n--palette-1-dark-3-text-color: var(--body-alt-color);\n--palette-1-dark-2: #406167;\n--palette-1-dark-2-darker: #3a575d;\n--palette-1-dark-2-r: 64;\n--palette-1-dark-2-g: 97;\n--palette-1-dark-2-b: 103;\n--palette-1-dark-2-contrast: white;\n--palette-1-dark-2-contrast-darker: white;\n--palette-1-dark-2-text-color: var(--body-alt-color);\n--palette-1-dark-1: #438e9c;\n--palette-1-dark-1-darker: #3c808c;\n--palette-1-dark-1-r: 67;\n--palette-1-dark-1-g: 142;\n--palette-1-dark-1-b: 156;\n--palette-1-dark-1-contrast: white;\n--palette-1-dark-1-contrast-darker: white;\n--palette-1-dark-1-text-color: var(--body-alt-color);\n--palette-1: #34b8d0;\n--palette-1-darker: #2ca8be;\n--palette-1-r: 52;\n--palette-1-g: 184;\n--palette-1-b: 208;\n--palette-1-contrast: white;\n--palette-1-contrast-darker: white;\n--palette-1-text-color: var(--body-alt-color);\n--palette-1-light-1: #69ccde;\n--palette-1-light-1-darker: #4ec3d8;\n--palette-1-light-1-r: 105;\n--palette-1-light-1-g: 204;\n--palette-1-light-1-b: 222;\n--palette-1-light-1-contrast: black;\n--palette-1-light-1-contrast-darker: white;\n--palette-1-light-1-text-color: var(--body-color);\n--palette-1-light-2: #a5e1ec;\n--palette-1-light-2-darker: #84d6e5;\n--palette-1-light-2-r: 165;\n--palette-1-light-2-g: 225;\n--palette-1-light-2-b: 236;\n--palette-1-light-2-contrast: black;\n--palette-1-light-2-contrast-darker: black;\n--palette-1-light-2-text-color: var(--body-color);\n--palette-1-light-3: #e8f7fa;\n--palette-1-light-3-darker: #c0e9f1;\n--palette-1-light-3-r: 232;\n--palette-1-light-3-g: 247;\n--palette-1-light-3-b: 250;\n--palette-1-light-3-contrast: black;\n--palette-1-light-3-contrast-darker: black;\n--palette-1-light-3-text-color: var(--body-color);\n--palette-2-base: #f64442;\n--palette-2-base-darker: #f52724;\n--palette-2-base-r: 246;\n--palette-2-base-g: 68;\n--palette-2-base-b: 66;\n--palette-2-base-contrast: white;\n--palette-2-base-contrast-darker: white;\n--palette-2-base-text-color: var(--body-alt-color);\n--palette-2-dark-3: #332929;\n--palette-2-dark-3-darker: #2e2525;\n--palette-2-dark-3-r: 51;\n--palette-2-dark-3-g: 41;\n--palette-2-dark-3-b: 41;\n--palette-2-dark-3-contrast: white;\n--palette-2-dark-3-contrast-darker: white;\n--palette-2-dark-3-text-color: var(--body-alt-color);\n--palette-2-dark-2: #744948;\n--palette-2-dark-2-darker: #684241;\n--palette-2-dark-2-r: 116;\n--palette-2-dark-2-g: 73;\n--palette-2-dark-2-b: 72;\n--palette-2-dark-2-contrast: white;\n--palette-2-dark-2-contrast-darker: white;\n--palette-2-dark-2-text-color: var(--body-alt-color);\n--palette-2-dark-1: #b55251;\n--palette-2-dark-1-darker: #a54746;\n--palette-2-dark-1-r: 181;\n--palette-2-dark-1-g: 82;\n--palette-2-dark-1-b: 81;\n--palette-2-dark-1-contrast: white;\n--palette-2-dark-1-contrast-darker: white;\n--palette-2-dark-1-text-color: var(--body-alt-color);\n--palette-2: #f64442;\n--palette-2-darker: #f52724;\n--palette-2-r: 246;\n--palette-2-g: 68;\n--palette-2-b: 66;\n--palette-2-contrast: white;\n--palette-2-contrast-darker: white;\n--palette-2-text-color: var(--body-alt-color);\n--palette-2-light-1: #f97b79;\n--palette-2-light-1-darker: #f75856;\n--palette-2-light-1-r: 249;\n--palette-2-light-1-g: 123;\n--palette-2-light-1-b: 121;\n--palette-2-light-1-contrast: white;\n--palette-2-light-1-contrast-darker: white;\n--palette-2-light-1-text-color: var(--body-alt-color);\n--palette-2-light-2: #fbb3b2;\n--palette-2-light-2-darker: #f98b89;\n--palette-2-light-2-r: 251;\n--palette-2-light-2-g: 179;\n--palette-2-light-2-b: 178;\n--palette-2-light-2-contrast: black;\n--palette-2-light-2-contrast-darker: white;\n--palette-2-light-2-text-color: var(--body-color);\n--palette-2-light-3: #feecec;\n--palette-2-light-3-darker: #fcbdbd;\n--palette-2-light-3-r: 254;\n--palette-2-light-3-g: 236;\n--palette-2-light-3-b: 236;\n--palette-2-light-3-contrast: black;\n--palette-2-light-3-contrast-darker: black;\n--palette-2-light-3-text-color: var(--body-color);\n--palette-3-base: #ff944d;\n--palette-3-base-darker: #ff802c;\n--palette-3-base-r: 255;\n--palette-3-base-g: 148;\n--palette-3-base-b: 77;\n--palette-3-base-contrast: white;\n--palette-3-base-contrast-darker: white;\n--palette-3-base-text-color: var(--body-alt-color);\n--palette-3-dark-3: #332d29;\n--palette-3-dark-3-darker: #2e2925;\n--palette-3-dark-3-r: 51;\n--palette-3-dark-3-g: 45;\n--palette-3-dark-3-b: 41;\n--palette-3-dark-3-contrast: white;\n--palette-3-dark-3-contrast-darker: white;\n--palette-3-dark-3-text-color: var(--body-alt-color);\n--palette-3-dark-2: #775d4b;\n--palette-3-dark-2-darker: #6b5443;\n--palette-3-dark-2-r: 119;\n--palette-3-dark-2-g: 93;\n--palette-3-dark-2-b: 75;\n--palette-3-dark-2-contrast: white;\n--palette-3-dark-2-contrast-darker: white;\n--palette-3-dark-2-text-color: var(--body-alt-color);\n--palette-3-dark-1: #bb7f58;\n--palette-3-dark-1-darker: #b07148;\n--palette-3-dark-1-r: 187;\n--palette-3-dark-1-g: 127;\n--palette-3-dark-1-b: 88;\n--palette-3-dark-1-contrast: white;\n--palette-3-dark-1-contrast-darker: white;\n--palette-3-dark-1-text-color: var(--body-alt-color);\n--palette-3: #ff944d;\n--palette-3-darker: #ff802c;\n--palette-3-r: 255;\n--palette-3-g: 148;\n--palette-3-b: 77;\n--palette-3-contrast: white;\n--palette-3-contrast-darker: white;\n--palette-3-text-color: var(--body-alt-color);\n--palette-3-light-1: #ffb482;\n--palette-3-light-1-darker: #ff9d5c;\n--palette-3-light-1-r: 255;\n--palette-3-light-1-g: 180;\n--palette-3-light-1-b: 130;\n--palette-3-light-1-contrast: black;\n--palette-3-light-1-contrast-darker: white;\n--palette-3-light-1-text-color: var(--body-color);\n--palette-3-light-2: #ffd4b8;\n--palette-3-light-2-darker: #ffb98c;\n--palette-3-light-2-r: 255;\n--palette-3-light-2-g: 212;\n--palette-3-light-2-b: 184;\n--palette-3-light-2-contrast: black;\n--palette-3-light-2-contrast-darker: black;\n--palette-3-light-2-text-color: var(--body-color);\n--palette-3-light-3: #fff4ed;\n--palette-3-light-3-darker: #ffd6bc;\n--palette-3-light-3-r: 255;\n--palette-3-light-3-g: 244;\n--palette-3-light-3-b: 237;\n--palette-3-light-3-contrast: black;\n--palette-3-light-3-contrast-darker: black;\n--palette-3-light-3-text-color: var(--body-color);\n--palette-4-base: #5cc694;\n--palette-4-base-darker: #47be86;\n--palette-4-base-r: 92;\n--palette-4-base-g: 198;\n--palette-4-base-b: 148;\n--palette-4-base-contrast: white;\n--palette-4-base-contrast-darker: white;\n--palette-4-base-text-color: var(--body-alt-color);\n--palette-4-dark-3: #29332e;\n--palette-4-dark-3-darker: #252e29;\n--palette-4-dark-3-r: 41;\n--palette-4-dark-3-g: 51;\n--palette-4-dark-3-b: 46;\n--palette-4-dark-3-contrast: white;\n--palette-4-dark-3-contrast-darker: white;\n--palette-4-dark-3-text-color: var(--body-alt-color);\n--palette-4-dark-2: #456455;\n--palette-4-dark-2-darker: #3e5a4d;\n--palette-4-dark-2-r: 69;\n--palette-4-dark-2-g: 100;\n--palette-4-dark-2-b: 85;\n--palette-4-dark-2-contrast: white;\n--palette-4-dark-2-contrast-darker: white;\n--palette-4-dark-2-text-color: var(--body-alt-color);\n--palette-4-dark-1: #569577;\n--palette-4-dark-1-darker: #4d866b;\n--palette-4-dark-1-r: 86;\n--palette-4-dark-1-g: 149;\n--palette-4-dark-1-b: 119;\n--palette-4-dark-1-contrast: white;\n--palette-4-dark-1-contrast-darker: white;\n--palette-4-dark-1-text-color: var(--body-alt-color);\n--palette-4: #5cc694;\n--palette-4-darker: #47be86;\n--palette-4-r: 92;\n--palette-4-g: 198;\n--palette-4-b: 148;\n--palette-4-contrast: white;\n--palette-4-contrast-darker: white;\n--palette-4-text-color: var(--body-alt-color);\n--palette-4-light-1: #86d7b1;\n--palette-4-light-1-darker: #6ccea0;\n--palette-4-light-1-r: 134;\n--palette-4-light-1-g: 215;\n--palette-4-light-1-b: 177;\n--palette-4-light-1-contrast: black;\n--palette-4-light-1-contrast-darker: black;\n--palette-4-light-1-text-color: var(--body-color);\n--palette-4-light-2: #b6e8d1;\n--palette-4-light-2-darker: #97debd;\n--palette-4-light-2-r: 182;\n--palette-4-light-2-g: 232;\n--palette-4-light-2-b: 209;\n--palette-4-light-2-contrast: black;\n--palette-4-light-2-contrast-darker: black;\n--palette-4-light-2-text-color: var(--body-color);\n--palette-4-light-3: #ecf9f3;\n--palette-4-light-3-darker: #c7eddc;\n--palette-4-light-3-r: 236;\n--palette-4-light-3-g: 249;\n--palette-4-light-3-b: 243;\n--palette-4-light-3-contrast: black;\n--palette-4-light-3-contrast-darker: black;\n--palette-4-light-3-text-color: var(--body-color);\n--palette-5-base: #b9c1cc;\n--palette-5-base-darker: #a2adbc;\n--palette-5-base-r: 185;\n--palette-5-base-g: 193;\n--palette-5-base-b: 204;\n--palette-5-base-contrast: black;\n--palette-5-base-contrast-darker: white;\n--palette-5-base-text-color: var(--body-color);\n--palette-5-dark-3: #292d33;\n--palette-5-dark-3-darker: #25292e;\n--palette-5-dark-3-r: 41;\n--palette-5-dark-3-g: 45;\n--palette-5-dark-3-b: 51;\n--palette-5-dark-3-contrast: white;\n--palette-5-dark-3-contrast-darker: white;\n--palette-5-dark-3-text-color: var(--body-alt-color);\n--palette-5-dark-2: #555c66;\n--palette-5-dark-2-darker: #4d535c;\n--palette-5-dark-2-r: 85;\n--palette-5-dark-2-g: 92;\n--palette-5-dark-2-b: 102;\n--palette-5-dark-2-contrast: white;\n--palette-5-dark-2-contrast-darker: white;\n--palette-5-dark-2-text-color: var(--body-alt-color);\n--palette-5-dark-1: #858e99;\n--palette-5-dark-1-darker: #75808c;\n--palette-5-dark-1-r: 133;\n--palette-5-dark-1-g: 142;\n--palette-5-dark-1-b: 153;\n--palette-5-dark-1-contrast: white;\n--palette-5-dark-1-contrast-darker: white;\n--palette-5-dark-1-text-color: var(--body-alt-color);\n--palette-5: #b9c1cc;\n--palette-5-darker: #a2adbc;\n--palette-5-r: 185;\n--palette-5-g: 193;\n--palette-5-b: 204;\n--palette-5-contrast: black;\n--palette-5-contrast-darker: white;\n--palette-5-text-color: var(--body-color);\n--palette-5-light-1: #ccd3db;\n--palette-5-light-1-darker: #b3bec9;\n--palette-5-light-1-r: 204;\n--palette-5-light-1-g: 211;\n--palette-5-light-1-b: 219;\n--palette-5-light-1-contrast: black;\n--palette-5-light-1-contrast-darker: black;\n--palette-5-light-1-text-color: var(--body-color);\n--palette-5-light-2: #e0e5eb;\n--palette-5-light-2-darker: #c4ced9;\n--palette-5-light-2-r: 224;\n--palette-5-light-2-g: 229;\n--palette-5-light-2-b: 235;\n--palette-5-light-2-contrast: black;\n--palette-5-light-2-contrast-darker: black;\n--palette-5-light-2-text-color: var(--body-color);\n--palette-5-light-3: #f5f7fa;\n--palette-5-light-3-darker: #d4dde9;\n--palette-5-light-3-r: 245;\n--palette-5-light-3-g: 247;\n--palette-5-light-3-b: 250;\n--palette-5-light-3-contrast: black;\n--palette-5-light-3-contrast-darker: black;\n--palette-5-light-3-text-color: var(--body-color);\n--grey-40: #999999;\n--grey-40-darker: #8a8a8a;\n--grey-40-r: 153;\n--grey-40-g: 153;\n--grey-40-b: 153;\n--grey-40-contrast: white;\n--grey-40-contrast-darker: white;\n--grey-40-text-color: var(--body-alt-color);\n--grey-30: #b3b3b3;\n--grey-30-darker: #a1a1a1;\n--grey-30-r: 179;\n--grey-30-g: 179;\n--grey-30-b: 179;\n--grey-30-contrast: white;\n--grey-30-contrast-darker: white;\n--grey-30-text-color: var(--body-alt-color);\n--grey-25: #c0c0c0;\n--grey-25-darker: #adadad;\n--grey-25-r: 192;\n--grey-25-g: 192;\n--grey-25-b: 192;\n--grey-25-contrast: black;\n--grey-25-contrast-darker: white;\n--grey-25-text-color: var(--body-color);\n--white: #ffffff;\n--white-darker: #e6e6e6;\n--white-r: 255;\n--white-g: 255;\n--white-b: 255;\n--white-contrast: black;\n--white-contrast-darker: black;\n--white-text-color: var(--body-color);\n--grey-15: #d9d9d9;\n--grey-15-darker: #c3c3c3;\n--grey-15-r: 217;\n--grey-15-g: 217;\n--grey-15-b: 217;\n--grey-15-contrast: black;\n--grey-15-contrast-darker: black;\n--grey-15-text-color: var(--body-color);\n--grey-10: #e5e5e5;\n--grey-10-darker: #cecece;\n--grey-10-r: 229;\n--grey-10-g: 229;\n--grey-10-b: 229;\n--grey-10-contrast: black;\n--grey-10-contrast-darker: black;\n--grey-10-text-color: var(--body-color);\n--grey-5: #f2f2f2;\n--grey-5-darker: #dadada;\n--grey-5-r: 242;\n--grey-5-g: 242;\n--grey-5-b: 242;\n--grey-5-contrast: black;\n--grey-5-contrast-darker: black;\n--grey-5-text-color: var(--body-color);\n--grey-90: #1a1a1a;\n--grey-90-darker: #171717;\n--grey-90-r: 26;\n--grey-90-g: 26;\n--grey-90-b: 26;\n--grey-90-contrast: white;\n--grey-90-contrast-darker: white;\n--grey-90-text-color: var(--body-alt-color);\n--grey-80: #333333;\n--grey-80-darker: #2e2e2e;\n--grey-80-r: 51;\n--grey-80-g: 51;\n--grey-80-b: 51;\n--grey-80-contrast: white;\n--grey-80-contrast-darker: white;\n--grey-80-text-color: var(--body-alt-color);\n--grey-75: #404040;\n--grey-75-darker: #3a3a3a;\n--grey-75-r: 64;\n--grey-75-g: 64;\n--grey-75-b: 64;\n--grey-75-contrast: white;\n--grey-75-contrast-darker: white;\n--grey-75-text-color: var(--body-alt-color);\n--black: #000000;\n--black-darker: #000000;\n--black-r: 0;\n--black-g: 0;\n--black-b: 0;\n--black-contrast: white;\n--black-contrast-darker: white;\n--black-text-color: var(--body-alt-color);\n--grey-70: #4d4d4d;\n--grey-70-darker: #454545;\n--grey-70-r: 77;\n--grey-70-g: 77;\n--grey-70-b: 77;\n--grey-70-contrast: white;\n--grey-70-contrast-darker: white;\n--grey-70-text-color: var(--body-alt-color);\n--grey-60: #666666;\n--grey-60-darker: #5c5c5c;\n--grey-60-r: 102;\n--grey-60-g: 102;\n--grey-60-b: 102;\n--grey-60-contrast: white;\n--grey-60-contrast-darker: white;\n--grey-60-text-color: var(--body-alt-color);\n--grey-50: #808080;\n--grey-50-darker: #737373;\n--grey-50-r: 128;\n--grey-50-g: 128;\n--grey-50-b: 128;\n--grey-50-contrast: white;\n--grey-50-contrast-darker: white;\n--grey-50-text-color: var(--body-alt-color);\n--grey-dark-3: #212121;\n--grey-dark-3-darker: #1e1e1e;\n--grey-dark-3-r: 33;\n--grey-dark-3-g: 33;\n--grey-dark-3-b: 33;\n--grey-dark-3-contrast: white;\n--grey-dark-3-contrast-darker: white;\n--grey-dark-3-text-color: var(--body-alt-color);\n--grey-dark-2: #333333;\n--grey-dark-2-darker: #2e2e2e;\n--grey-dark-2-r: 51;\n--grey-dark-2-g: 51;\n--grey-dark-2-b: 51;\n--grey-dark-2-contrast: white;\n--grey-dark-2-contrast-darker: white;\n--grey-dark-2-text-color: var(--body-alt-color);\n--grey-dark-1: #454545;\n--grey-dark-1-darker: #3e3e3e;\n--grey-dark-1-r: 69;\n--grey-dark-1-g: 69;\n--grey-dark-1-b: 69;\n--grey-dark-1-contrast: white;\n--grey-dark-1-contrast-darker: white;\n--grey-dark-1-text-color: var(--body-alt-color);\n--grey: #b3b3b3;\n--grey-darker: #a1a1a1;\n--grey-r: 179;\n--grey-g: 179;\n--grey-b: 179;\n--grey-contrast: white;\n--grey-contrast-darker: white;\n--grey-text-color: var(--body-alt-color);\n--grey-light-1: #d9d9d9;\n--grey-light-1-darker: #c3c3c3;\n--grey-light-1-r: 217;\n--grey-light-1-g: 217;\n--grey-light-1-b: 217;\n--grey-light-1-contrast: black;\n--grey-light-1-contrast-darker: black;\n--grey-light-1-text-color: var(--body-color);\n--grey-light-2: #eeeeee;\n--grey-light-2-darker: #d6d6d6;\n--grey-light-2-r: 238;\n--grey-light-2-g: 238;\n--grey-light-2-b: 238;\n--grey-light-2-contrast: black;\n--grey-light-2-contrast-darker: black;\n--grey-light-2-text-color: var(--body-color);\n--grey-light-3: #f6f6f6;\n--grey-light-3-darker: #dddddd;\n--grey-light-3-r: 246;\n--grey-light-3-g: 246;\n--grey-light-3-b: 246;\n--grey-light-3-contrast: black;\n--grey-light-3-contrast-darker: black;\n--grey-light-3-text-color: var(--body-color);\n--color-1-base: #34b8d0;\n--color-1-base-darker: #2ca8be;\n--color-1-base-r: 52;\n--color-1-base-g: 184;\n--color-1-base-b: 208;\n--color-1-base-contrast: white;\n--color-1-base-contrast-darker: white;\n--color-1-base-text-color: var(--body-alt-color);\n--color-1-dark-3: #293133;\n--color-1-dark-3-darker: #252c2e;\n--color-1-dark-3-r: 41;\n--color-1-dark-3-g: 49;\n--color-1-dark-3-b: 51;\n--color-1-dark-3-contrast: white;\n--color-1-dark-3-contrast-darker: white;\n--color-1-dark-3-text-color: var(--body-alt-color);\n--color-1-dark-2: #406167;\n--color-1-dark-2-darker: #3a575d;\n--color-1-dark-2-r: 64;\n--color-1-dark-2-g: 97;\n--color-1-dark-2-b: 103;\n--color-1-dark-2-contrast: white;\n--color-1-dark-2-contrast-darker: white;\n--color-1-dark-2-text-color: var(--body-alt-color);\n--color-1-dark-1: #438e9c;\n--color-1-dark-1-darker: #3c808c;\n--color-1-dark-1-r: 67;\n--color-1-dark-1-g: 142;\n--color-1-dark-1-b: 156;\n--color-1-dark-1-contrast: white;\n--color-1-dark-1-contrast-darker: white;\n--color-1-dark-1-text-color: var(--body-alt-color);\n--color-1: #34b8d0;\n--color-1-darker: #2ca8be;\n--color-1-r: 52;\n--color-1-g: 184;\n--color-1-b: 208;\n--color-1-contrast: white;\n--color-1-contrast-darker: white;\n--color-1-text-color: var(--body-alt-color);\n--color-1-light-1: #69ccde;\n--color-1-light-1-darker: #4ec3d8;\n--color-1-light-1-r: 105;\n--color-1-light-1-g: 204;\n--color-1-light-1-b: 222;\n--color-1-light-1-contrast: black;\n--color-1-light-1-contrast-darker: white;\n--color-1-light-1-text-color: var(--body-color);\n--color-1-light-2: #a5e1ec;\n--color-1-light-2-darker: #84d6e5;\n--color-1-light-2-r: 165;\n--color-1-light-2-g: 225;\n--color-1-light-2-b: 236;\n--color-1-light-2-contrast: black;\n--color-1-light-2-contrast-darker: black;\n--color-1-light-2-text-color: var(--body-color);\n--color-1-light-3: #e8f7fa;\n--color-1-light-3-darker: #c0e9f1;\n--color-1-light-3-r: 232;\n--color-1-light-3-g: 247;\n--color-1-light-3-b: 250;\n--color-1-light-3-contrast: black;\n--color-1-light-3-contrast-darker: black;\n--color-1-light-3-text-color: var(--body-color);\n--color-2-base: #f64442;\n--color-2-base-darker: #f52724;\n--color-2-base-r: 246;\n--color-2-base-g: 68;\n--color-2-base-b: 66;\n--color-2-base-contrast: white;\n--color-2-base-contrast-darker: white;\n--color-2-base-text-color: var(--body-alt-color);\n--color-2-dark-3: #332929;\n--color-2-dark-3-darker: #2e2525;\n--color-2-dark-3-r: 51;\n--color-2-dark-3-g: 41;\n--color-2-dark-3-b: 41;\n--color-2-dark-3-contrast: white;\n--color-2-dark-3-contrast-darker: white;\n--color-2-dark-3-text-color: var(--body-alt-color);\n--color-2-dark-2: #744948;\n--color-2-dark-2-darker: #684241;\n--color-2-dark-2-r: 116;\n--color-2-dark-2-g: 73;\n--color-2-dark-2-b: 72;\n--color-2-dark-2-contrast: white;\n--color-2-dark-2-contrast-darker: white;\n--color-2-dark-2-text-color: var(--body-alt-color);\n--color-2-dark-1: #b55251;\n--color-2-dark-1-darker: #a54746;\n--color-2-dark-1-r: 181;\n--color-2-dark-1-g: 82;\n--color-2-dark-1-b: 81;\n--color-2-dark-1-contrast: white;\n--color-2-dark-1-contrast-darker: white;\n--color-2-dark-1-text-color: var(--body-alt-color);\n--color-2: #f64442;\n--color-2-darker: #f52724;\n--color-2-r: 246;\n--color-2-g: 68;\n--color-2-b: 66;\n--color-2-contrast: white;\n--color-2-contrast-darker: white;\n--color-2-text-color: var(--body-alt-color);\n--color-2-light-1: #f97b79;\n--color-2-light-1-darker: #f75856;\n--color-2-light-1-r: 249;\n--color-2-light-1-g: 123;\n--color-2-light-1-b: 121;\n--color-2-light-1-contrast: white;\n--color-2-light-1-contrast-darker: white;\n--color-2-light-1-text-color: var(--body-alt-color);\n--color-2-light-2: #fbb3b2;\n--color-2-light-2-darker: #f98b89;\n--color-2-light-2-r: 251;\n--color-2-light-2-g: 179;\n--color-2-light-2-b: 178;\n--color-2-light-2-contrast: black;\n--color-2-light-2-contrast-darker: white;\n--color-2-light-2-text-color: var(--body-color);\n--color-2-light-3: #feecec;\n--color-2-light-3-darker: #fcbdbd;\n--color-2-light-3-r: 254;\n--color-2-light-3-g: 236;\n--color-2-light-3-b: 236;\n--color-2-light-3-contrast: black;\n--color-2-light-3-contrast-darker: black;\n--color-2-light-3-text-color: var(--body-color);\n--color-3-base: #ff944d;\n--color-3-base-darker: #ff802c;\n--color-3-base-r: 255;\n--color-3-base-g: 148;\n--color-3-base-b: 77;\n--color-3-base-contrast: white;\n--color-3-base-contrast-darker: white;\n--color-3-base-text-color: var(--body-alt-color);\n--color-3-dark-3: #332d29;\n--color-3-dark-3-darker: #2e2925;\n--color-3-dark-3-r: 51;\n--color-3-dark-3-g: 45;\n--color-3-dark-3-b: 41;\n--color-3-dark-3-contrast: white;\n--color-3-dark-3-contrast-darker: white;\n--color-3-dark-3-text-color: var(--body-alt-color);\n--color-3-dark-2: #775d4b;\n--color-3-dark-2-darker: #6b5443;\n--color-3-dark-2-r: 119;\n--color-3-dark-2-g: 93;\n--color-3-dark-2-b: 75;\n--color-3-dark-2-contrast: white;\n--color-3-dark-2-contrast-darker: white;\n--color-3-dark-2-text-color: var(--body-alt-color);\n--color-3-dark-1: #bb7f58;\n--color-3-dark-1-darker: #b07148;\n--color-3-dark-1-r: 187;\n--color-3-dark-1-g: 127;\n--color-3-dark-1-b: 88;\n--color-3-dark-1-contrast: white;\n--color-3-dark-1-contrast-darker: white;\n--color-3-dark-1-text-color: var(--body-alt-color);\n--color-3: #ff944d;\n--color-3-darker: #ff802c;\n--color-3-r: 255;\n--color-3-g: 148;\n--color-3-b: 77;\n--color-3-contrast: white;\n--color-3-contrast-darker: white;\n--color-3-text-color: var(--body-alt-color);\n--color-3-light-1: #ffb482;\n--color-3-light-1-darker: #ff9d5c;\n--color-3-light-1-r: 255;\n--color-3-light-1-g: 180;\n--color-3-light-1-b: 130;\n--color-3-light-1-contrast: black;\n--color-3-light-1-contrast-darker: white;\n--color-3-light-1-text-color: var(--body-color);\n--color-3-light-2: #ffd4b8;\n--color-3-light-2-darker: #ffb98c;\n--color-3-light-2-r: 255;\n--color-3-light-2-g: 212;\n--color-3-light-2-b: 184;\n--color-3-light-2-contrast: black;\n--color-3-light-2-contrast-darker: black;\n--color-3-light-2-text-color: var(--body-color);\n--color-3-light-3: #fff4ed;\n--color-3-light-3-darker: #ffd6bc;\n--color-3-light-3-r: 255;\n--color-3-light-3-g: 244;\n--color-3-light-3-b: 237;\n--color-3-light-3-contrast: black;\n--color-3-light-3-contrast-darker: black;\n--color-3-light-3-text-color: var(--body-color);\n--color-4-base: #5cc694;\n--color-4-base-darker: #47be86;\n--color-4-base-r: 92;\n--color-4-base-g: 198;\n--color-4-base-b: 148;\n--color-4-base-contrast: white;\n--color-4-base-contrast-darker: white;\n--color-4-base-text-color: var(--body-alt-color);\n--color-4-dark-3: #29332e;\n--color-4-dark-3-darker: #252e29;\n--color-4-dark-3-r: 41;\n--color-4-dark-3-g: 51;\n--color-4-dark-3-b: 46;\n--color-4-dark-3-contrast: white;\n--color-4-dark-3-contrast-darker: white;\n--color-4-dark-3-text-color: var(--body-alt-color);\n--color-4-dark-2: #456455;\n--color-4-dark-2-darker: #3e5a4d;\n--color-4-dark-2-r: 69;\n--color-4-dark-2-g: 100;\n--color-4-dark-2-b: 85;\n--color-4-dark-2-contrast: white;\n--color-4-dark-2-contrast-darker: white;\n--color-4-dark-2-text-color: var(--body-alt-color);\n--color-4-dark-1: #569577;\n--color-4-dark-1-darker: #4d866b;\n--color-4-dark-1-r: 86;\n--color-4-dark-1-g: 149;\n--color-4-dark-1-b: 119;\n--color-4-dark-1-contrast: white;\n--color-4-dark-1-contrast-darker: white;\n--color-4-dark-1-text-color: var(--body-alt-color);\n--color-4: #5cc694;\n--color-4-darker: #47be86;\n--color-4-r: 92;\n--color-4-g: 198;\n--color-4-b: 148;\n--color-4-contrast: white;\n--color-4-contrast-darker: white;\n--color-4-text-color: var(--body-alt-color);\n--color-4-light-1: #86d7b1;\n--color-4-light-1-darker: #6ccea0;\n--color-4-light-1-r: 134;\n--color-4-light-1-g: 215;\n--color-4-light-1-b: 177;\n--color-4-light-1-contrast: black;\n--color-4-light-1-contrast-darker: black;\n--color-4-light-1-text-color: var(--body-color);\n--color-4-light-2: #b6e8d1;\n--color-4-light-2-darker: #97debd;\n--color-4-light-2-r: 182;\n--color-4-light-2-g: 232;\n--color-4-light-2-b: 209;\n--color-4-light-2-contrast: black;\n--color-4-light-2-contrast-darker: black;\n--color-4-light-2-text-color: var(--body-color);\n--color-4-light-3: #ecf9f3;\n--color-4-light-3-darker: #c7eddc;\n--color-4-light-3-r: 236;\n--color-4-light-3-g: 249;\n--color-4-light-3-b: 243;\n--color-4-light-3-contrast: black;\n--color-4-light-3-contrast-darker: black;\n--color-4-light-3-text-color: var(--body-color);\n--color-5-base: #b9c1cc;\n--color-5-base-darker: #a2adbc;\n--color-5-base-r: 185;\n--color-5-base-g: 193;\n--color-5-base-b: 204;\n--color-5-base-contrast: black;\n--color-5-base-contrast-darker: white;\n--color-5-base-text-color: var(--body-color);\n--color-5-dark-3: #292d33;\n--color-5-dark-3-darker: #25292e;\n--color-5-dark-3-r: 41;\n--color-5-dark-3-g: 45;\n--color-5-dark-3-b: 51;\n--color-5-dark-3-contrast: white;\n--color-5-dark-3-contrast-darker: white;\n--color-5-dark-3-text-color: var(--body-alt-color);\n--color-5-dark-2: #555c66;\n--color-5-dark-2-darker: #4d535c;\n--color-5-dark-2-r: 85;\n--color-5-dark-2-g: 92;\n--color-5-dark-2-b: 102;\n--color-5-dark-2-contrast: white;\n--color-5-dark-2-contrast-darker: white;\n--color-5-dark-2-text-color: var(--body-alt-color);\n--color-5-dark-1: #858e99;\n--color-5-dark-1-darker: #75808c;\n--color-5-dark-1-r: 133;\n--color-5-dark-1-g: 142;\n--color-5-dark-1-b: 153;\n--color-5-dark-1-contrast: white;\n--color-5-dark-1-contrast-darker: white;\n--color-5-dark-1-text-color: var(--body-alt-color);\n--color-5: #b9c1cc;\n--color-5-darker: #a2adbc;\n--color-5-r: 185;\n--color-5-g: 193;\n--color-5-b: 204;\n--color-5-contrast: black;\n--color-5-contrast-darker: white;\n--color-5-text-color: var(--body-color);\n--color-5-light-1: #ccd3db;\n--color-5-light-1-darker: #b3bec9;\n--color-5-light-1-r: 204;\n--color-5-light-1-g: 211;\n--color-5-light-1-b: 219;\n--color-5-light-1-contrast: black;\n--color-5-light-1-contrast-darker: black;\n--color-5-light-1-text-color: var(--body-color);\n--color-5-light-2: #e0e5eb;\n--color-5-light-2-darker: #c4ced9;\n--color-5-light-2-r: 224;\n--color-5-light-2-g: 229;\n--color-5-light-2-b: 235;\n--color-5-light-2-contrast: black;\n--color-5-light-2-contrast-darker: black;\n--color-5-light-2-text-color: var(--body-color);\n--color-5-light-3: #f5f7fa;\n--color-5-light-3-darker: #d4dde9;\n--color-5-light-3-r: 245;\n--color-5-light-3-g: 247;\n--color-5-light-3-b: 250;\n--color-5-light-3-contrast: black;\n--color-5-light-3-contrast-darker: black;\n--color-5-light-3-text-color: var(--body-color);\n--white-contrast: var(--body-color);\n--shading-contrast: var(--body-alt-color);\n--bg-contrast: var(--body-color);\n}</style><style id=\"typography\" typography=\"custom-page-typography-1\">\n        .u-body\n        {\n        --title-font-weight: 400;\n        --title-font-size: 4.5rem;\n        --title-line-height: 1.1;\n        --title-margin-top: 20px;\n        --title-margin-bottom: 20px;\n        --subtitle-font-weight: 400;\n        --subtitle-font-size: 2.25rem;\n        --subtitle-line-height: 1.1;\n        --subtitle-margin-top: 20px;\n        --subtitle-margin-bottom: 20px;\n        --h1-font-size: 4.5rem;\n        --h1-line-height: 1.1;\n        --h1-margin-top: 20px;\n        --h1-margin-bottom: 20px;\n        --h1-font-weight: 700;\n        --h2-font-size: 3rem;\n        --h2-line-height: 1.1;\n        --h2-margin-top: 20px;\n        --h2-margin-bottom: 20px;\n        --h2-font-weight: 700;\n        --h3-font-weight: 400;\n        --h3-font-size: 1.875rem;\n        --h3-line-height: 1.2;\n        --h3-margin-top: 20px;\n        --h3-margin-bottom: 20px;\n        --h4-font-weight: 400;\n        --h4-font-size: 1.5rem;\n        --h4-line-height: 1.2;\n        --h4-margin-top: 20px;\n        --h4-margin-bottom: 20px;\n        --h5-font-size: 1.25rem;\n        --h5-line-height: 1.2;\n        --h5-margin-top: 20px;\n        --h5-margin-bottom: 20px;\n        --h5-font-weight: 300;\n        --h5-text-transform: uppercase;\n        --h5-letter-spacing: 2px;\n        --h5-list-icon-spacing: 0.3;\n        --h5-list-icon-size: 0.8;\n        --h6-font-weight: 400;\n        --h6-font-size: 1.125rem;\n        --h6-line-height: 1.2;\n        --h6-margin-top: 20px;\n        --h6-margin-bottom: 20px;\n        --largeText-font-size: 1.25rem;\n        --largeText-margin-top: 20px;\n        --largeText-margin-bottom: 20px;\n        --smallText-font-size: 0.875rem;\n        --smallText-margin-top: 20px;\n        --smallText-margin-bottom: 20px;\n        --text-margin-top: 20px;\n        --text-margin-bottom: 20px;\n        --hyperlink-color: var(--palette-1-base);\n        --hyperlink-alt-text-color: var(--palette-1-light-2);\n        --hyperlink-hover-color: var(--palette-1-base-darker);\n        --hyperlink-hover-alt-text-color: var(--grey-30-darker);\n        --button-margin-top: 20px;\n        --button-margin-bottom: 20px;\n        --button-background-color: var(--palette-1-base);\n        --button-color: var(--white);\n        --button-alt-background-color: var(--palette-1-light-2);\n        --button-alt-color: var(--black);\n        --button-hover-background-color: var(--palette-1-base-darker);\n        --button-hover-color: var(--white-darker);\n        --button-hover-alt-background-color: var(--palette-1-light-2-darker);\n        --button-hover-alt-color: var(--white);\n        --button-hover-background-color: var(--palette-1-base-darker);\n        --button-hover-color: var(--white-darker);\n        --button-hover-alt-background-color: var(--palette-1-light-2-darker);\n        --button-hover-alt-color: var(--white);\n        --button-active-background-color: var(--palette-1-base-darker);\n        --button-active-color: var(--white-darker);\n        --button-active-alt-background-color: var(--palette-1-light-2-darker);\n        --button-active-alt-color: var(--white);\n        --blockquote-font-style: italic;\n        --blockquote-padding-left: 20px;\n        --blockquote-border-width: 4px;\n        --blockquote-border-color: var(--palette-1-base);\n        --blockquote-margin-top: 20px;\n        --blockquote-margin-bottom: 20px;\n        --metadata-margin-top: 20px;\n        --metadata-margin-bottom: 20px;\n        --list-margin-top: 20px;\n        --list-margin-bottom: 20px;\n        --orderedlist-margin-top: 20px;\n        --orderedlist-margin-bottom: 20px;\n        --postContent-margin-top: 20px;\n        --postContent-margin-bottom: 20px;\n        --theme-sheet-width-xl: 1140px;\n        --theme-sheet-width-lg: 940px;\n        --theme-sheet-width-md: 720px;\n        --theme-sheet-width-sm: 540px;\n        --theme-sheet-width-xs: 340px;\n        --title-font-size-sm: 3.75rem;\n        --title-font-size-xs: 3rem;\n        --subtitle-font-size-xs: 1.5rem;\n        --h1-font-size-sm: 3rem;\n        --h1-font-size-xs: 1.875rem;\n        --h2-font-size-sm: 2.25rem;\n        --h2-font-size-xs: 1.875rem;\n        --h3-font-size-xs: 1.5rem;\n        }\n\n        /** common-rules **/\n        h1.u-title\n        {\n        font-weight: var(--title-font-weight);\n        font-size: var(--title-font-size);\n        line-height: var(--title-line-height);\n        margin-top: var(--title-margin-top);\n        margin-bottom: var(--title-margin-bottom);\n        }\n        h2.u-subtitle\n        {\n        font-weight: var(--subtitle-font-weight);\n        font-size: var(--subtitle-font-size);\n        line-height: var(--subtitle-line-height);\n        margin-top: var(--subtitle-margin-top);\n        margin-bottom: var(--subtitle-margin-bottom);\n        }\n        h1:not(.u-title)\n        {\n        font-size: var(--h1-font-size);\n        line-height: var(--h1-line-height);\n        margin-top: var(--h1-margin-top);\n        margin-bottom: var(--h1-margin-bottom);\n        font-weight: var(--h1-font-weight);\n        }\n        h2:not(.u-subtitle)\n        {\n        font-size: var(--h2-font-size);\n        line-height: var(--h2-line-height);\n        margin-top: var(--h2-margin-top);\n        margin-bottom: var(--h2-margin-bottom);\n        font-weight: var(--h2-font-weight);\n        }\n        h3\n        {\n        font-weight: var(--h3-font-weight);\n        font-size: var(--h3-font-size);\n        line-height: var(--h3-line-height);\n        margin-top: var(--h3-margin-top);\n        margin-bottom: var(--h3-margin-bottom);\n        }\n        h4\n        {\n        font-weight: var(--h4-font-weight);\n        font-size: var(--h4-font-size);\n        line-height: var(--h4-line-height);\n        margin-top: var(--h4-margin-top);\n        margin-bottom: var(--h4-margin-bottom);\n        }\n        h5\n        {\n        font-size: var(--h5-font-size);\n        line-height: var(--h5-line-height);\n        margin-top: var(--h5-margin-top);\n        margin-bottom: var(--h5-margin-bottom);\n        font-weight: var(--h5-font-weight);\n        text-transform: var(--h5-text-transform);\n        letter-spacing: var(--h5-letter-spacing);\n        list-icon-spacing: var(--h5-list-icon-spacing);\n        list-icon-size: var(--h5-list-icon-size);\n        }\n        h6\n        {\n        font-weight: var(--h6-font-weight);\n        font-size: var(--h6-font-size);\n        line-height: var(--h6-line-height);\n        margin-top: var(--h6-margin-top);\n        margin-bottom: var(--h6-margin-bottom);\n        }\n        p.u-large-text\n        {\n        font-size: var(--largeText-font-size);\n        margin-top: var(--largeText-margin-top);\n        margin-bottom: var(--largeText-margin-bottom);\n        }\n        p.u-small-text\n        {\n        font-size: var(--smallText-font-size);\n        margin-top: var(--smallText-margin-top);\n        margin-bottom: var(--smallText-margin-bottom);\n        }\n        p:not(.u-text-variant)\n        {\n        margin-top: var(--text-margin-top);\n        margin-bottom: var(--text-margin-bottom);\n        }\n        .u-btn\n        {\n        margin-top: var(--button-margin-top);\n        margin-bottom: var(--button-margin-bottom);\n        }\n        blockquote\n        {\n        font-style: var(--blockquote-font-style);\n        padding-left: var(--blockquote-padding-left);\n        border-width: var(--blockquote-border-width);\n        margin-top: var(--blockquote-margin-top);\n        margin-bottom: var(--blockquote-margin-bottom);\n        }\n        .u-metadata\n        {\n        margin-top: var(--metadata-margin-top);\n        margin-bottom: var(--metadata-margin-bottom);\n        }\n        ul:not(.u-unstyled)\n        {\n        margin-top: var(--list-margin-top);\n        margin-bottom: var(--list-margin-bottom);\n        }\n        ol\n        {\n        margin-top: var(--orderedlist-margin-top);\n        margin-bottom: var(--orderedlist-margin-bottom);\n        }\n        .u-post-content\n        {\n        margin-top: var(--postContent-margin-top);\n        margin-bottom: var(--postContent-margin-bottom);\n        }\n        /** common-rules **/\n\n        /** publish-rules **/\n        /*begin-media rules*/\n        @media (max-width: 767px) {\n        h1.u-title\n        {\n        font-size: var(--title-font-size-sm);\n        }\n        }\n        @media (max-width: 575px) {\n        h1.u-title\n        {\n        font-size: var(--title-font-size-xs);\n        }\n        }\n        @media (max-width: 575px) {\n        h2.u-subtitle\n        {\n        font-size: var(--subtitle-font-size-xs);\n        }\n        }\n        @media (max-width: 767px) {\n        h1:not(.u-title)\n        {\n        font-size: var(--h1-font-size-sm);\n        }\n        }\n        @media (max-width: 575px) {\n        h1:not(.u-title)\n        {\n        font-size: var(--h1-font-size-xs);\n        }\n        }\n        @media (max-width: 767px) {\n        h2:not(.u-subtitle)\n        {\n        font-size: var(--h2-font-size-sm);\n        }\n        }\n        @media (max-width: 575px) {\n        h2:not(.u-subtitle)\n        {\n        font-size: var(--h2-font-size-xs);\n        }\n        }\n        @media (max-width: 575px) {\n        h3\n        {\n        font-size: var(--h3-font-size-xs);\n        }\n        }\n        /*end-media rules*/\n        /** publish-rules **/\n\n        \n\n        /** cms-rules **/\n        /*begin-responsive rules*/\n        .u-sm h1.u-title\n        {\n        font-size: var(--title-font-size-sm);\n        }\n        .u-xs h1.u-title\n        {\n        font-size: var(--title-font-size-xs);\n        }\n        .u-xs h2.u-subtitle\n        {\n        font-size: var(--subtitle-font-size-xs);\n        }\n        .u-sm h1:not(.u-title)\n        {\n        font-size: var(--h1-font-size-sm);\n        }\n        .u-xs h1:not(.u-title)\n        {\n        font-size: var(--h1-font-size-xs);\n        }\n        .u-sm h2:not(.u-subtitle)\n        {\n        font-size: var(--h2-font-size-sm);\n        }\n        .u-xs h2:not(.u-subtitle)\n        {\n        font-size: var(--h2-font-size-xs);\n        }\n        .u-xs h3\n        {\n        font-size: var(--h3-font-size-xs);\n        }\n        /*end-responsive rules*/\n        /** cms-rules **/\n\n        /** color-rules **/\n        .u-overlap.u-overlap-transparent:not(.u-overlap-contrast) .u-header :not(.u-nav-item) > a,\n        .u-gradient > .u-container-layout > a,\n        .u-image:not(.u-shading) > .u-container-layout > a,\n        a\n        {\n        color: var(--hyperlink-color);\n        }\n        .u-overlap.u-overlap-transparent:not(.u-overlap-contrast) .u-header :not(.u-nav-item) > a:hover,\n        .u-gradient > .u-container-layout > a:hover,\n        .u-image:not(.u-shading) > .u-container-layout > a:hover,\n        a:hover\n        {\n        color: var(--hyperlink-hover-color);\n        }\n        .u-overlap.u-overlap-transparent:not(.u-overlap-contrast) .u-header :not(.u-nav-item) > .u-btn,\n        .u-gradient > .u-container-layout > .u-btn,\n        .u-image:not(.u-shading) > .u-container-layout > .u-btn,\n        .u-btn\n        {\n        background-color: var(--button-background-color);\n        color: var(--button-color);\n        }\n        .u-overlap.u-overlap-transparent:not(.u-overlap-contrast) .u-header :not(.u-nav-item) > .u-btn:hover,\n        .u-gradient > .u-container-layout > .u-btn:hover,\n        .u-image:not(.u-shading) > .u-container-layout > .u-btn:hover,\n        .u-btn:hover\n        {\n        background-color: var(--button-hover-background-color);\n        color: var(--button-hover-color);\n        }\n        .u-overlap.u-overlap-transparent:not(.u-overlap-contrast) .u-header :not(.u-nav-item) > .u-btn:focus,\n        .u-gradient > .u-container-layout > .u-btn:focus,\n        .u-image:not(.u-shading) > .u-container-layout > .u-btn:focus,\n        .u-btn:focus\n        {\n        background-color: var(--button-hover-background-color);\n        color: var(--button-hover-color);\n        }\n        .u-overlap.u-overlap-transparent:not(.u-overlap-contrast) .u-header :not(.u-nav-item) > .u-btn:active,\n        .u-gradient > .u-container-layout > .u-btn:active,\n        .u-image:not(.u-shading) > .u-container-layout > .u-btn:active,\n        .u-btn:active\n        {\n        background-color: var(--button-active-background-color);\n        color: var(--button-active-color);\n        }\n        .u-overlap.u-overlap-transparent:not(.u-overlap-contrast) .u-header :not(.u-nav-item) > blockquote,\n        .u-gradient > .u-container-layout > blockquote,\n        .u-image:not(.u-shading) > .u-container-layout > blockquote,\n        blockquote\n        {\n        border-color: var(--blockquote-border-color);\n        }\n        /** color-rules **/\n\n        /** alt-color-rules **/\n        .u-body-color a,.u-palette-1-base a,.u-palette-1-dark-3 a,.u-palette-1-dark-2 a,.u-palette-1-dark-1 a,.u-palette-1 a,.u-palette-2-base a,.u-palette-2-dark-3 a,.u-palette-2-dark-2 a,.u-palette-2-dark-1 a,.u-palette-2 a,.u-palette-2-light-1 a,.u-palette-3-base a,.u-palette-3-dark-3 a,.u-palette-3-dark-2 a,.u-palette-3-dark-1 a,.u-palette-3 a,.u-palette-4-base a,.u-palette-4-dark-3 a,.u-palette-4-dark-2 a,.u-palette-4-dark-1 a,.u-palette-4 a,.u-palette-5-dark-3 a,.u-palette-5-dark-2 a,.u-palette-5-dark-1 a,.u-grey-40 a,.u-grey-30 a,.u-grey-90 a,.u-grey-80 a,.u-grey-75 a,.u-black a,.u-grey-70 a,.u-grey-60 a,.u-grey-50 a,.u-grey-dark-3 a,.u-grey-dark-2 a,.u-grey-dark-1 a,.u-grey a,.u-shading a,.u-overlap-contrast .u-header a:not(.u-nav-link):not(.u-btn)\n        {\n        color: var(--hyperlink-alt-text-color);\n        }\n        .u-body-color a:hover,.u-palette-1-base a:hover,.u-palette-1-dark-3 a:hover,.u-palette-1-dark-2 a:hover,.u-palette-1-dark-1 a:hover,.u-palette-1 a:hover,.u-palette-2-base a:hover,.u-palette-2-dark-3 a:hover,.u-palette-2-dark-2 a:hover,.u-palette-2-dark-1 a:hover,.u-palette-2 a:hover,.u-palette-2-light-1 a:hover,.u-palette-3-base a:hover,.u-palette-3-dark-3 a:hover,.u-palette-3-dark-2 a:hover,.u-palette-3-dark-1 a:hover,.u-palette-3 a:hover,.u-palette-4-base a:hover,.u-palette-4-dark-3 a:hover,.u-palette-4-dark-2 a:hover,.u-palette-4-dark-1 a:hover,.u-palette-4 a:hover,.u-palette-5-dark-3 a:hover,.u-palette-5-dark-2 a:hover,.u-palette-5-dark-1 a:hover,.u-grey-40 a:hover,.u-grey-30 a:hover,.u-grey-90 a:hover,.u-grey-80 a:hover,.u-grey-75 a:hover,.u-black a:hover,.u-grey-70 a:hover,.u-grey-60 a:hover,.u-grey-50 a:hover,.u-grey-dark-3 a:hover,.u-grey-dark-2 a:hover,.u-grey-dark-1 a:hover,.u-grey a:hover\n        {\n        color: var(--hyperlink-hover-alt-text-color);\n        }\n        .u-body-color .u-btn,.u-palette-1-base .u-btn,.u-palette-1-dark-3 .u-btn,.u-palette-1-dark-2 .u-btn,.u-palette-1-dark-1 .u-btn,.u-palette-1 .u-btn,.u-palette-2-base .u-btn,.u-palette-2-dark-3 .u-btn,.u-palette-2-dark-2 .u-btn,.u-palette-2-dark-1 .u-btn,.u-palette-2 .u-btn,.u-palette-2-light-1 .u-btn,.u-palette-3-base .u-btn,.u-palette-3-dark-3 .u-btn,.u-palette-3-dark-2 .u-btn,.u-palette-3-dark-1 .u-btn,.u-palette-3 .u-btn,.u-palette-4-base .u-btn,.u-palette-4-dark-3 .u-btn,.u-palette-4-dark-2 .u-btn,.u-palette-4-dark-1 .u-btn,.u-palette-4 .u-btn,.u-palette-5-dark-3 .u-btn,.u-palette-5-dark-2 .u-btn,.u-palette-5-dark-1 .u-btn,.u-grey-40 .u-btn,.u-grey-30 .u-btn,.u-grey-90 .u-btn,.u-grey-80 .u-btn,.u-grey-75 .u-btn,.u-black .u-btn,.u-grey-70 .u-btn,.u-grey-60 .u-btn,.u-grey-50 .u-btn,.u-grey-dark-3 .u-btn,.u-grey-dark-2 .u-btn,.u-grey-dark-1 .u-btn,.u-grey .u-btn,.u-shading .u-btn,.u-overlap-contrast .u-header .u-btn\n        {\n        background-color: var(--button-alt-background-color);\n        color: var(--button-alt-color);\n        }\n        .u-body-color .u-btn:hover,.u-palette-1-base .u-btn:hover,.u-palette-1-dark-3 .u-btn:hover,.u-palette-1-dark-2 .u-btn:hover,.u-palette-1-dark-1 .u-btn:hover,.u-palette-1 .u-btn:hover,.u-palette-2-base .u-btn:hover,.u-palette-2-dark-3 .u-btn:hover,.u-palette-2-dark-2 .u-btn:hover,.u-palette-2-dark-1 .u-btn:hover,.u-palette-2 .u-btn:hover,.u-palette-2-light-1 .u-btn:hover,.u-palette-3-base .u-btn:hover,.u-palette-3-dark-3 .u-btn:hover,.u-palette-3-dark-2 .u-btn:hover,.u-palette-3-dark-1 .u-btn:hover,.u-palette-3 .u-btn:hover,.u-palette-4-base .u-btn:hover,.u-palette-4-dark-3 .u-btn:hover,.u-palette-4-dark-2 .u-btn:hover,.u-palette-4-dark-1 .u-btn:hover,.u-palette-4 .u-btn:hover,.u-palette-5-dark-3 .u-btn:hover,.u-palette-5-dark-2 .u-btn:hover,.u-palette-5-dark-1 .u-btn:hover,.u-grey-40 .u-btn:hover,.u-grey-30 .u-btn:hover,.u-grey-90 .u-btn:hover,.u-grey-80 .u-btn:hover,.u-grey-75 .u-btn:hover,.u-black .u-btn:hover,.u-grey-70 .u-btn:hover,.u-grey-60 .u-btn:hover,.u-grey-50 .u-btn:hover,.u-grey-dark-3 .u-btn:hover,.u-grey-dark-2 .u-btn:hover,.u-grey-dark-1 .u-btn:hover,.u-grey .u-btn:hover,.u-shading .u-btn:hover,.u-overlap-contrast .u-header .u-btn:hover\n        {\n        background-color: var(--button-hover-alt-background-color);\n        color: var(--button-hover-alt-color);\n        }\n        .u-body-color .u-btn:active,.u-palette-1-base .u-btn:active,.u-palette-1-dark-3 .u-btn:active,.u-palette-1-dark-2 .u-btn:active,.u-palette-1-dark-1 .u-btn:active,.u-palette-1 .u-btn:active,.u-palette-2-base .u-btn:active,.u-palette-2-dark-3 .u-btn:active,.u-palette-2-dark-2 .u-btn:active,.u-palette-2-dark-1 .u-btn:active,.u-palette-2 .u-btn:active,.u-palette-2-light-1 .u-btn:active,.u-palette-3-base .u-btn:active,.u-palette-3-dark-3 .u-btn:active,.u-palette-3-dark-2 .u-btn:active,.u-palette-3-dark-1 .u-btn:active,.u-palette-3 .u-btn:active,.u-palette-4-base .u-btn:active,.u-palette-4-dark-3 .u-btn:active,.u-palette-4-dark-2 .u-btn:active,.u-palette-4-dark-1 .u-btn:active,.u-palette-4 .u-btn:active,.u-palette-5-dark-3 .u-btn:active,.u-palette-5-dark-2 .u-btn:active,.u-palette-5-dark-1 .u-btn:active,.u-grey-40 .u-btn:active,.u-grey-30 .u-btn:active,.u-grey-90 .u-btn:active,.u-grey-80 .u-btn:active,.u-grey-75 .u-btn:active,.u-black .u-btn:active,.u-grey-70 .u-btn:active,.u-grey-60 .u-btn:active,.u-grey-50 .u-btn:active,.u-grey-dark-3 .u-btn:active,.u-grey-dark-2 .u-btn:active,.u-grey-dark-1 .u-btn:active,.u-grey .u-btn:active,.u-shading .u-btn:active,.u-overlap-contrast .u-header .u-btn:active\n        {\n        background-color: var(--button-active-alt-background-color);\n        color: var(--button-active-alt-color);\n        }\n        /** alt-color-rules **/\n    </style><style id=\"font-scheme\" font-scheme=\"Montserrat-OpenSans\" heading-font=\"Montserrat,sans-serif\" text-font=\"'Open Sans',sans-serif\">.u-body {\n   --text-font: 'Open Sans',sans-serif;\n   --heading-font: Montserrat,sans-serif;\n}</style>","appVersion":"4.20.1","publicUrl":null,"customDomainUrl":null,"datePublished":null,"isTrial":true,"serverSiteId":0}